Data;Indicador;Valor
2024-07-30;CDI_aa;10.4
2024-07-31;CDI_aa;10.4
2024-08-01;CDI_aa;10.4
2024-08-02;CDI_aa;10.4
2024-08-05;CDI_aa;10.4
2024-08-06;CDI_aa;10.4
2024-08-07;CDI_aa;10.4
2024-08-08;CDI_aa;10.4
2024-08-09;CDI_aa;10.4
2024-08-12;CDI_aa;10.4
2024-08-13;CDI_aa;10.4
2024-08-14;CDI_aa;10.4
2024-08-15;CDI_aa;10.4
2024-08-16;CDI_aa;10.4
2024-08-19;CDI_aa;10.4
2024-08-20;CDI_aa;10.4
2024-08-21;CDI_aa;10.4
2024-08-22;CDI_aa;10.4
2024-08-23;CDI_aa;10.4
2024-08-26;CDI_aa;10.4
2024-08-27;CDI_aa;10.4
2024-08-28;CDI_aa;10.4
2024-08-29;CDI_aa;10.4
2024-08-30;CDI_aa;10.4
2024-09-02;CDI_aa;10.4
2024-09-03;CDI_aa;10.4
2024-09-04;CDI_aa;10.4
2024-09-05;CDI_aa;10.4
2024-09-06;CDI_aa;10.4
2024-09-09;CDI_aa;10.4
2024-09-10;CDI_aa;10.4
2024-09-11;CDI_aa;10.4
2024-09-12;CDI_aa;10.4
2024-09-13;CDI_aa;10.4
2024-09-16;CDI_aa;10.4
2024-09-17;CDI_aa;10.4
2024-09-18;CDI_aa;10.4
2024-09-19;CDI_aa;10.65
2024-09-20;CDI_aa;10.65
2024-09-23;CDI_aa;10.65
2024-09-24;CDI_aa;10.65
2024-09-25;CDI_aa;10.65
2024-09-26;CDI_aa;10.65
2024-09-27;CDI_aa;10.65
2024-09-30;CDI_aa;10.65
2024-10-01;CDI_aa;10.65
2024-10-02;CDI_aa;10.65
2024-10-03;CDI_aa;10.65
2024-10-04;CDI_aa;10.65
2024-10-07;CDI_aa;10.65
2024-10-08;CDI_aa;10.65
2024-10-09;CDI_aa;10.65
2024-10-10;CDI_aa;10.65
2024-10-11;CDI_aa;10.65
2024-10-14;CDI_aa;10.65
2024-10-15;CDI_aa;10.65
2024-10-16;CDI_aa;10.65
2024-10-17;CDI_aa;10.65
2024-10-18;CDI_aa;10.65
2024-10-21;CDI_aa;10.65
2024-10-22;CDI_aa;10.65
2024-10-23;CDI_aa;10.65
2024-10-24;CDI_aa;10.65
2024-10-25;CDI_aa;10.65
2024-10-28;CDI_aa;10.65
2024-10-29;CDI_aa;10.65
2024-10-30;CDI_aa;10.65
2024-10-31;CDI_aa;10.65
2024-11-01;CDI_aa;10.65
2024-11-04;CDI_aa;10.65
2024-11-05;CDI_aa;10.65
2024-11-06;CDI_aa;10.65
2024-11-07;CDI_aa;11.15
2024-11-08;CDI_aa;11.15
2024-11-11;CDI_aa;11.15
2024-11-12;CDI_aa;11.15
2024-11-13;CDI_aa;11.15
2024-11-14;CDI_aa;11.15
2024-11-18;CDI_aa;11.15
2024-11-19;CDI_aa;11.15
2024-11-21;CDI_aa;11.15
2024-11-22;CDI_aa;11.15
2024-11-25;CDI_aa;11.15
2024-11-26;CDI_aa;11.15
2024-11-27;CDI_aa;11.15
2024-11-28;CDI_aa;11.15
2024-11-29;CDI_aa;11.15
2024-12-02;CDI_aa;11.15
2024-12-03;CDI_aa;11.15
2024-12-04;CDI_aa;11.15
2024-12-05;CDI_aa;11.15
2024-12-06;CDI_aa;11.15
2024-12-09;CDI_aa;11.15
2024-12-10;CDI_aa;11.15
2024-12-11;CDI_aa;11.15
2024-12-12;CDI_aa;12.15
2024-12-13;CDI_aa;12.15
2024-12-16;CDI_aa;12.15
2024-12-17;CDI_aa;12.15
2024-12-18;CDI_aa;12.15
2024-12-19;CDI_aa;12.15
2024-12-20;CDI_aa;12.15
2024-12-23;CDI_aa;12.15
2024-12-24;CDI_aa;12.15
2024-12-26;CDI_aa;12.15
2024-12-27;CDI_aa;12.15
2024-12-30;CDI_aa;12.15
2024-12-31;CDI_aa;12.15
2025-01-02;CDI_aa;12.15
2025-01-03;CDI_aa;12.15
2025-01-06;CDI_aa;12.15
2025-01-07;CDI_aa;12.15
2025-01-08;CDI_aa;12.15
2025-01-09;CDI_aa;12.15
2025-01-10;CDI_aa;12.15
2025-01-13;CDI_aa;12.15
2025-01-14;CDI_aa;12.15
2025-01-15;CDI_aa;12.15
2025-01-16;CDI_aa;12.15
2025-01-17;CDI_aa;12.15
2025-01-20;CDI_aa;12.15
2025-01-21;CDI_aa;12.15
2025-01-22;CDI_aa;12.15
2025-01-23;CDI_aa;12.15
2025-01-24;CDI_aa;12.15
2025-01-27;CDI_aa;12.15
2025-01-28;CDI_aa;12.15
2025-01-29;CDI_aa;12.15
2025-01-30;CDI_aa;13.15
2025-01-31;CDI_aa;13.15
2025-02-03;CDI_aa;13.15
2025-02-04;CDI_aa;13.15
2025-02-05;CDI_aa;13.15
2025-02-06;CDI_aa;13.15
2025-02-07;CDI_aa;13.15
2025-02-10;CDI_aa;13.15
2025-02-11;CDI_aa;13.15
2025-02-12;CDI_aa;13.15
2025-02-13;CDI_aa;13.15
2025-02-14;CDI_aa;13.15
2025-02-17;CDI_aa;13.15
2025-02-18;CDI_aa;13.15
2025-02-19;CDI_aa;13.15
2025-02-20;CDI_aa;13.15
2025-02-21;CDI_aa;13.15
2025-02-24;CDI_aa;13.15
2025-02-25;CDI_aa;13.15
2025-02-26;CDI_aa;13.15
2025-02-27;CDI_aa;13.15
2025-02-28;CDI_aa;13.15
2025-03-05;CDI_aa;13.15
2025-03-06;CDI_aa;13.15
2025-03-07;CDI_aa;13.15
2025-03-10;CDI_aa;13.15
2025-03-11;CDI_aa;13.15
2025-03-12;CDI_aa;13.15
2025-03-13;CDI_aa;13.15
2025-03-14;CDI_aa;13.15
2025-03-17;CDI_aa;13.15
2025-03-18;CDI_aa;13.15
2025-03-19;CDI_aa;13.15
2025-03-20;CDI_aa;14.15
2025-03-21;CDI_aa;14.15
2025-03-24;CDI_aa;14.15
2025-03-25;CDI_aa;14.15
2025-03-26;CDI_aa;14.15
2025-03-27;CDI_aa;14.15
2025-03-28;CDI_aa;14.15
2025-03-31;CDI_aa;14.15
2025-04-01;CDI_aa;14.15
2025-04-02;CDI_aa;14.15
2025-04-03;CDI_aa;14.15
2025-04-04;CDI_aa;14.15
2025-04-07;CDI_aa;14.15
2025-04-08;CDI_aa;14.15
2025-04-09;CDI_aa;14.15
2025-04-10;CDI_aa;14.15
2025-04-11;CDI_aa;14.15
2025-04-14;CDI_aa;14.15
2025-04-15;CDI_aa;14.15
2025-04-16;CDI_aa;14.15
2025-04-17;CDI_aa;14.15
2025-04-22;CDI_aa;14.15
2025-04-23;CDI_aa;14.15
2025-04-24;CDI_aa;14.15
2025-04-25;CDI_aa;14.15
2025-04-28;CDI_aa;14.15
2025-04-29;CDI_aa;14.15
2025-04-30;CDI_aa;14.15
2025-05-02;CDI_aa;14.15
2025-05-05;CDI_aa;14.15
2025-05-06;CDI_aa;14.15
2025-05-07;CDI_aa;14.15
2025-05-08;CDI_aa;14.65
2025-05-09;CDI_aa;14.65
2025-05-12;CDI_aa;14.65
2025-05-13;CDI_aa;14.65
2025-05-14;CDI_aa;14.65
2025-05-15;CDI_aa;14.65
2025-05-16;CDI_aa;14.65
2025-05-19;CDI_aa;14.65
2025-05-20;CDI_aa;14.65
2025-05-21;CDI_aa;14.65
2025-05-22;CDI_aa;14.65
2025-05-23;CDI_aa;14.65
2025-05-26;CDI_aa;14.65
2025-05-27;CDI_aa;14.65
2025-05-28;CDI_aa;14.65
2025-05-29;CDI_aa;14.65
2025-05-30;CDI_aa;14.65
2025-06-02;CDI_aa;14.65
2025-06-03;CDI_aa;14.65
2025-06-04;CDI_aa;14.65
2025-06-05;CDI_aa;14.65
2025-06-06;CDI_aa;14.65
2025-06-09;CDI_aa;14.65
2025-06-10;CDI_aa;14.65
2025-06-11;CDI_aa;14.65
2025-06-12;CDI_aa;14.65
2025-06-13;CDI_aa;14.65
2025-06-16;CDI_aa;14.65
2025-06-17;CDI_aa;14.65
2025-06-18;CDI_aa;14.65
2025-06-20;CDI_aa;14.9
2025-06-23;CDI_aa;14.9
2025-06-24;CDI_aa;14.9
2025-06-25;CDI_aa;14.9
2025-06-26;CDI_aa;14.9
2025-06-27;CDI_aa;14.9
2025-06-30;CDI_aa;14.9
2025-07-01;CDI_aa;14.9
2025-07-02;CDI_aa;14.9
2025-07-03;CDI_aa;14.9
2025-07-04;CDI_aa;14.9
2025-07-07;CDI_aa;14.9
2025-07-08;CDI_aa;14.9
2025-07-09;CDI_aa;14.9
2025-07-10;CDI_aa;14.9
2025-07-11;CDI_aa;14.9
2025-07-14;CDI_aa;14.9
2025-07-15;CDI_aa;14.9
2025-07-16;CDI_aa;14.9
2025-07-17;CDI_aa;14.9
2025-07-18;CDI_aa;14.9
2025-07-21;CDI_aa;14.9
2025-07-22;CDI_aa;14.9
2025-07-23;CDI_aa;14.9
2025-07-24;CDI_aa;14.9
2025-07-25;CDI_aa;14.9
2025-07-28;CDI_aa;14.9
2025-07-29;CDI_aa;14.9
2025-07-30;CDI_aa;14.9
2025-07-31;CDI_aa;14.9
2025-08-01;CDI_aa;14.9
2025-08-04;CDI_aa;14.9
2025-08-05;CDI_aa;14.9
2025-08-06;CDI_aa;14.9
2025-08-07;CDI_aa;14.9
2025-08-08;CDI_aa;14.9
2025-08-11;CDI_aa;14.9
2025-08-12;CDI_aa;14.9
2025-08-13;CDI_aa;14.9
2025-08-14;CDI_aa;14.9
2025-08-15;CDI_aa;14.9
2025-08-18;CDI_aa;14.9
2025-08-19;CDI_aa;14.9
2025-08-20;CDI_aa;14.9
2025-08-21;CDI_aa;14.9
2025-08-22;CDI_aa;14.9
2025-08-25;CDI_aa;14.9
2025-08-26;CDI_aa;14.9
2025-08-27;CDI_aa;14.9
2025-08-28;CDI_aa;14.9
2025-08-29;CDI_aa;14.9
2025-09-01;CDI_aa;14.9
2025-09-02;CDI_aa;14.9
2025-09-03;CDI_aa;14.9
2025-09-04;CDI_aa;14.9
2025-09-05;CDI_aa;14.9
2025-09-08;CDI_aa;14.9
2025-09-09;CDI_aa;14.9
2025-09-10;CDI_aa;14.9
2025-09-11;CDI_aa;14.9
2025-09-12;CDI_aa;14.9
2025-09-15;CDI_aa;14.9
2025-09-16;CDI_aa;14.9
2025-09-17;CDI_aa;14.9
2025-09-18;CDI_aa;14.9
2025-09-19;CDI_aa;14.9
2025-09-22;CDI_aa;14.9
2025-09-23;CDI_aa;14.9
2025-09-24;CDI_aa;14.9
2025-09-25;CDI_aa;14.9
2025-09-26;CDI_aa;14.9
2025-09-29;CDI_aa;14.9
2025-09-30;CDI_aa;14.9
2025-10-01;CDI_aa;14.9
2025-10-02;CDI_aa;14.9
2025-10-03;CDI_aa;14.9
2025-10-06;CDI_aa;14.9
2025-10-07;CDI_aa;14.9
2025-10-08;CDI_aa;14.9
2025-10-09;CDI_aa;14.9
2025-10-10;CDI_aa;14.9
2025-10-13;CDI_aa;14.9
2025-10-14;CDI_aa;14.9
2025-10-15;CDI_aa;14.9
2025-10-16;CDI_aa;14.9
2025-10-17;CDI_aa;14.9
2025-10-20;CDI_aa;14.9
2025-10-21;CDI_aa;14.9
2025-10-22;CDI_aa;14.9
2025-10-23;CDI_aa;14.9
2025-10-24;CDI_aa;14.9
2025-10-27;CDI_aa;14.9
2025-10-28;CDI_aa;14.9
2025-10-29;CDI_aa;14.9
2025-10-30;CDI_aa;14.9
2025-10-31;CDI_aa;14.9
2025-11-03;CDI_aa;14.9
2025-11-04;CDI_aa;14.9
2025-11-05;CDI_aa;14.9
2025-11-06;CDI_aa;14.9
2025-11-07;CDI_aa;14.9
2025-11-10;CDI_aa;14.9
2025-11-11;CDI_aa;14.9
2025-11-12;CDI_aa;14.9
2025-11-13;CDI_aa;14.9
2025-11-14;CDI_aa;14.9
2025-11-17;CDI_aa;14.9
2025-11-18;CDI_aa;14.9
2025-11-19;CDI_aa;14.9
2025-11-21;CDI_aa;14.9
2025-11-24;CDI_aa;14.9
2025-11-25;CDI_aa;14.9
2025-11-26;CDI_aa;14.9
2025-11-27;CDI_aa;14.9
2025-11-28;CDI_aa;14.9
2025-12-01;CDI_aa;14.9
2025-12-02;CDI_aa;14.9
2025-12-03;CDI_aa;14.9
2025-12-04;CDI_aa;14.9
2025-12-05;CDI_aa;14.9
2025-12-08;CDI_aa;14.9
2025-12-09;CDI_aa;14.9
2025-12-10;CDI_aa;14.9
2025-12-11;CDI_aa;14.9
2025-12-12;CDI_aa;14.9
2025-12-15;CDI_aa;14.9
2025-12-16;CDI_aa;14.9
2025-12-17;CDI_aa;14.9
2025-12-18;CDI_aa;14.9
2025-12-19;CDI_aa;14.9
2025-12-22;CDI_aa;14.9
2025-12-23;CDI_aa;14.9
2025-12-24;CDI_aa;14.9
2025-12-26;CDI_aa;14.9
2025-12-29;CDI_aa;14.9
2025-12-30;CDI_aa;14.9
2025-12-31;CDI_aa;14.9
2026-01-02;CDI_aa;14.9
2026-01-05;CDI_aa;14.9
2026-01-06;CDI_aa;14.9
2026-01-07;CDI_aa;14.9
2026-01-08;CDI_aa;14.9
2026-01-09;CDI_aa;14.9
2026-01-12;CDI_aa;14.9
2026-01-13;CDI_aa;14.9
2026-01-14;CDI_aa;14.9
2026-01-15;CDI_aa;14.9
2026-01-16;CDI_aa;14.9
2026-01-19;CDI_aa;14.9
2026-01-20;CDI_aa;14.9
2026-01-21;CDI_aa;14.9
2026-01-22;CDI_aa;14.9
2026-01-23;CDI_aa;14.9
2026-01-26;CDI_aa;14.9
2026-01-27;CDI_aa;14.9
2026-01-28;CDI_aa;14.9
2026-01-29;CDI_aa;14.9
2026-01-30;CDI_aa;14.9
2026-02-02;CDI_aa;14.9
2026-02-03;CDI_aa;14.9
2026-02-04;CDI_aa;14.9
2026-02-05;CDI_aa;14.9
2026-02-06;CDI_aa;14.9
2026-02-09;CDI_aa;14.9
2026-02-10;CDI_aa;14.9
2026-02-11;CDI_aa;14.9
2026-02-12;CDI_aa;14.9
2026-02-13;CDI_aa;14.9
2026-02-18;CDI_aa;14.9
2026-02-19;CDI_aa;14.9
2026-02-20;CDI_aa;14.9
2026-02-23;CDI_aa;14.9
2026-02-24;CDI_aa;14.9
2026-02-25;CDI_aa;14.9
2026-02-26;CDI_aa;14.9
2026-02-27;CDI_aa;14.9
2026-03-02;CDI_aa;14.9
2026-03-03;CDI_aa;14.9
2026-03-04;CDI_aa;14.9
2026-03-05;CDI_aa;14.9
2026-03-06;CDI_aa;14.9
2026-03-09;CDI_aa;14.9
2026-03-10;CDI_aa;14.9
2026-03-11;CDI_aa;14.9
2026-03-12;CDI_aa;14.9
2026-03-13;CDI_aa;14.9
2026-03-16;CDI_aa;14.9
2026-03-17;CDI_aa;14.9
2026-03-18;CDI_aa;14.9
2026-03-19;CDI_aa;14.65
2026-03-20;CDI_aa;14.65
2026-03-23;CDI_aa;14.65
2026-03-24;CDI_aa;14.65
2026-03-25;CDI_aa;14.65
2026-03-26;CDI_aa;14.65
2026-03-27;CDI_aa;14.65
2026-03-30;CDI_aa;14.65
2026-03-31;CDI_aa;14.65
2026-04-01;CDI_aa;14.65
2026-04-02;CDI_aa;14.65
2026-04-06;CDI_aa;14.65
2026-04-07;CDI_aa;14.65
2026-04-08;CDI_aa;14.65
2026-04-09;CDI_aa;14.65
2026-04-10;CDI_aa;14.65
2026-04-13;CDI_aa;14.65
2026-04-14;CDI_aa;14.65
2026-04-15;CDI_aa;14.65
2026-04-16;CDI_aa;14.65
2026-04-17;CDI_aa;14.65
2026-04-20;CDI_aa;14.65
2026-04-22;CDI_aa;14.65
2026-04-23;CDI_aa;14.65
2026-04-24;CDI_aa;14.65
2026-04-27;CDI_aa;14.65
2026-04-28;CDI_aa;14.65
2026-04-29;CDI_aa;14.65
2026-04-30;CDI_aa;14.4
2026-05-04;CDI_aa;14.4
2026-05-05;CDI_aa;14.4
2026-05-06;CDI_aa;14.4
2026-05-07;CDI_aa;14.4
2026-05-08;CDI_aa;14.4
2026-05-11;CDI_aa;14.4
2026-05-12;CDI_aa;14.4
2026-05-13;CDI_aa;14.4
2026-05-14;CDI_aa;14.4
2026-05-15;CDI_aa;14.4
2026-05-18;CDI_aa;14.4
2026-05-19;CDI_aa;14.4
2026-05-20;CDI_aa;14.4
2026-05-21;CDI_aa;14.4
2026-05-22;CDI_aa;14.4
2026-05-25;CDI_aa;14.4
2026-05-26;CDI_aa;14.4
2026-05-27;CDI_aa;14.4
2026-05-28;CDI_aa;14.4
2026-05-29;CDI_aa;14.4
2026-06-01;CDI_aa;14.4
2026-06-02;CDI_aa;14.4
2026-06-03;CDI_aa;14.4
2026-06-05;CDI_aa;14.4
2026-06-08;CDI_aa;14.4
2026-06-09;CDI_aa;14.4
2026-06-10;CDI_aa;14.4
2026-06-11;CDI_aa;14.4
2026-06-12;CDI_aa;14.4
2026-06-15;CDI_aa;14.4
2026-06-16;CDI_aa;14.4
2026-06-17;CDI_aa;14.4
2026-06-18;CDI_aa;14.15
2026-06-19;CDI_aa;14.15
2026-06-22;CDI_aa;14.15
2026-06-23;CDI_aa;14.15
2026-06-24;CDI_aa;14.15
2026-06-25;CDI_aa;14.15
2026-06-26;CDI_aa;14.15
2026-06-29;CDI_aa;14.15
2026-06-30;CDI_aa;14.15
2026-07-01;CDI_aa;14.15
2026-07-02;CDI_aa;14.15
2026-07-03;CDI_aa;14.15
2026-07-06;CDI_aa;14.15
2026-07-07;CDI_aa;14.15
2026-07-08;CDI_aa;14.15
2026-07-09;CDI_aa;14.15
2026-07-10;CDI_aa;14.15
2026-07-13;CDI_aa;14.15
2026-07-14;CDI_aa;14.15
2026-07-15;CDI_aa;14.15
2026-07-16;CDI_aa;14.15
2026-07-17;CDI_aa;14.15
2026-07-20;CDI_aa;14.15
2026-07-21;CDI_aa;14.15
2026-07-22;CDI_aa;14.15
2026-07-23;CDI_aa;14.15
2026-07-24;CDI_aa;14.15
2026-07-27;CDI_aa;14.15
2026-07-28;CDI_aa;14.15
2026-07-29;CDI_aa;14.15
2026-07-30;CDI_aa;14.15
2026-07-31;CDI_aa;14.15
2026-08-03;CDI_aa;14.15
2026-08-04;CDI_aa;14.15
2026-08-05;CDI_aa;14.15
2026-08-06;CDI_aa;13.9
2026-08-07;CDI_aa;13.9
2026-08-10;CDI_aa;13.9
2026-08-11;CDI_aa;13.9
2026-08-12;CDI_aa;13.9
2026-08-13;CDI_aa;13.9
2026-08-14;CDI_aa;13.9
2026-08-17;CDI_aa;13.9
2026-08-18;CDI_aa;13.9
2026-08-19;CDI_aa;13.9
2026-08-20;CDI_aa;13.9
2026-08-21;CDI_aa;13.9
2026-08-24;CDI_aa;13.9
2026-08-25;CDI_aa;13.9
2026-08-26;CDI_aa;13.9
2026-08-27;CDI_aa;13.9
2026-08-28;CDI_aa;13.9
2026-08-31;CDI_aa;13.9
2026-09-01;CDI_aa;13.9
2026-09-02;CDI_aa;13.9
2026-09-03;CDI_aa;13.9
2026-09-04;CDI_aa;13.9
2026-09-08;CDI_aa;13.9
2026-09-09;CDI_aa;13.9
2026-09-10;CDI_aa;13.9
2026-09-11;CDI_aa;13.9
2026-09-14;CDI_aa;13.9
2026-09-15;CDI_aa;13.9
2026-09-16;CDI_aa;13.9
2026-09-17;CDI_aa;13.65
2026-09-18;CDI_aa;13.65
2026-09-21;CDI_aa;13.65
2026-09-22;CDI_aa;13.65
2026-09-23;CDI_aa;13.65
2026-09-24;CDI_aa;13.65
2026-09-25;CDI_aa;13.65
2026-09-28;CDI_aa;13.65
2026-09-29;CDI_aa;13.65
2026-09-30;CDI_aa;13.65
2026-10-01;CDI_aa;13.65
2026-10-02;CDI_aa;13.65
2026-10-05;CDI_aa;13.65
2026-10-06;CDI_aa;13.65
2024-07-30;Selic_meta_aa;10.5
2024-07-31;Selic_meta_aa;10.5
2024-08-01;Selic_meta_aa;10.5
2024-08-02;Selic_meta_aa;10.5
2024-08-03;Selic_meta_aa;10.5
2024-08-04;Selic_meta_aa;10.5
2024-08-05;Selic_meta_aa;10.5
2024-08-06;Selic_meta_aa;10.5
2024-08-07;Selic_meta_aa;10.5
2024-08-08;Selic_meta_aa;10.5
2024-08-09;Selic_meta_aa;10.5
2024-08-10;Selic_meta_aa;10.5
2024-08-11;Selic_meta_aa;10.5
2024-08-12;Selic_meta_aa;10.5
2024-08-13;Selic_meta_aa;10.5
2024-08-14;Selic_meta_aa;10.5
2024-08-15;Selic_meta_aa;10.5
2024-08-16;Selic_meta_aa;10.5
2024-08-17;Selic_meta_aa;10.5
2024-08-18;Selic_meta_aa;10.5
2024-08-19;Selic_meta_aa;10.5
2024-08-20;Selic_meta_aa;10.5
2024-08-21;Selic_meta_aa;10.5
2024-08-22;Selic_meta_aa;10.5
2024-08-23;Selic_meta_aa;10.5
2024-08-24;Selic_meta_aa;10.5
2024-08-25;Selic_meta_aa;10.5
2024-08-26;Selic_meta_aa;10.5
2024-08-27;Selic_meta_aa;10.5
2024-08-28;Selic_meta_aa;10.5
2024-08-29;Selic_meta_aa;10.5
2024-08-30;Selic_meta_aa;10.5
2024-08-31;Selic_meta_aa;10.5
2024-09-01;Selic_meta_aa;10.5
2024-09-02;Selic_meta_aa;10.5
2024-09-03;Selic_meta_aa;10.5
2024-09-04;Selic_meta_aa;10.5
2024-09-05;Selic_meta_aa;10.5
2024-09-06;Selic_meta_aa;10.5
2024-09-07;Selic_meta_aa;10.5
2024-09-08;Selic_meta_aa;10.5
2024-09-09;Selic_meta_aa;10.5
2024-09-10;Selic_meta_aa;10.5
2024-09-11;Selic_meta_aa;10.5
2024-09-12;Selic_meta_aa;10.5
2024-09-13;Selic_meta_aa;10.5
2024-09-14;Selic_meta_aa;10.5
2024-09-15;Selic_meta_aa;10.5
2024-09-16;Selic_meta_aa;10.5
2024-09-17;Selic_meta_aa;10.5
2024-09-18;Selic_meta_aa;10.5
2024-09-19;Selic_meta_aa;10.75
2024-09-20;Selic_meta_aa;10.75
2024-09-21;Selic_meta_aa;10.75
2024-09-22;Selic_meta_aa;10.75
2024-09-23;Selic_meta_aa;10.75
2024-09-24;Selic_meta_aa;10.75
2024-09-25;Selic_meta_aa;10.75
2024-09-26;Selic_meta_aa;10.75
2024-09-27;Selic_meta_aa;10.75
2024-09-28;Selic_meta_aa;10.75
2024-09-29;Selic_meta_aa;10.75
2024-09-30;Selic_meta_aa;10.75
2024-10-01;Selic_meta_aa;10.75
2024-10-02;Selic_meta_aa;10.75
2024-10-03;Selic_meta_aa;10.75
2024-10-04;Selic_meta_aa;10.75
2024-10-05;Selic_meta_aa;10.75
2024-10-06;Selic_meta_aa;10.75
2024-10-07;Selic_meta_aa;10.75
2024-10-08;Selic_meta_aa;10.75
2024-10-09;Selic_meta_aa;10.75
2024-10-10;Selic_meta_aa;10.75
2024-10-11;Selic_meta_aa;10.75
2024-10-12;Selic_meta_aa;10.75
2024-10-13;Selic_meta_aa;10.75
2024-10-14;Selic_meta_aa;10.75
2024-10-15;Selic_meta_aa;10.75
2024-10-16;Selic_meta_aa;10.75
2024-10-17;Selic_meta_aa;10.75
2024-10-18;Selic_meta_aa;10.75
2024-10-19;Selic_meta_aa;10.75
2024-10-20;Selic_meta_aa;10.75
2024-10-21;Selic_meta_aa;10.75
2024-10-22;Selic_meta_aa;10.75
2024-10-23;Selic_meta_aa;10.75
2024-10-24;Selic_meta_aa;10.75
2024-10-25;Selic_meta_aa;10.75
2024-10-26;Selic_meta_aa;10.75
2024-10-27;Selic_meta_aa;10.75
2024-10-28;Selic_meta_aa;10.75
2024-10-29;Selic_meta_aa;10.75
2024-10-30;Selic_meta_aa;10.75
2024-10-31;Selic_meta_aa;10.75
2024-11-01;Selic_meta_aa;10.75
2024-11-02;Selic_meta_aa;10.75
2024-11-03;Selic_meta_aa;10.75
2024-11-04;Selic_meta_aa;10.75
2024-11-05;Selic_meta_aa;10.75
2024-11-06;Selic_meta_aa;10.75
2024-11-07;Selic_meta_aa;11.25
2024-11-08;Selic_meta_aa;11.25
2024-11-09;Selic_meta_aa;11.25
2024-11-10;Selic_meta_aa;11.25
2024-11-11;Selic_meta_aa;11.25
2024-11-12;Selic_meta_aa;11.25
2024-11-13;Selic_meta_aa;11.25
2024-11-14;Selic_meta_aa;11.25
2024-11-15;Selic_meta_aa;11.25
2024-11-16;Selic_meta_aa;11.25
2024-11-17;Selic_meta_aa;11.25
2024-11-18;Selic_meta_aa;11.25
2024-11-19;Selic_meta_aa;11.25
2024-11-20;Selic_meta_aa;11.25
2024-11-21;Selic_meta_aa;11.25
2024-11-22;Selic_meta_aa;11.25
2024-11-23;Selic_meta_aa;11.25
2024-11-24;Selic_meta_aa;11.25
2024-11-25;Selic_meta_aa;11.25
2024-11-26;Selic_meta_aa;11.25
2024-11-27;Selic_meta_aa;11.25
2024-11-28;Selic_meta_aa;11.25
2024-11-29;Selic_meta_aa;11.25
2024-11-30;Selic_meta_aa;11.25
2024-12-01;Selic_meta_aa;11.25
2024-12-02;Selic_meta_aa;11.25
2024-12-03;Selic_meta_aa;11.25
2024-12-04;Selic_meta_aa;11.25
2024-12-05;Selic_meta_aa;11.25
2024-12-06;Selic_meta_aa;11.25
2024-12-07;Selic_meta_aa;11.25
2024-12-08;Selic_meta_aa;11.25
2024-12-09;Selic_meta_aa;11.25
2024-12-10;Selic_meta_aa;11.25
2024-12-11;Selic_meta_aa;11.25
2024-12-12;Selic_meta_aa;12.25
2024-12-13;Selic_meta_aa;12.25
2024-12-14;Selic_meta_aa;12.25
2024-12-15;Selic_meta_aa;12.25
2024-12-16;Selic_meta_aa;12.25
2024-12-17;Selic_meta_aa;12.25
2024-12-18;Selic_meta_aa;12.25
2024-12-19;Selic_meta_aa;12.25
2024-12-20;Selic_meta_aa;12.25
2024-12-21;Selic_meta_aa;12.25
2024-12-22;Selic_meta_aa;12.25
2024-12-23;Selic_meta_aa;12.25
2024-12-24;Selic_meta_aa;12.25
2024-12-25;Selic_meta_aa;12.25
2024-12-26;Selic_meta_aa;12.25
2024-12-27;Selic_meta_aa;12.25
2024-12-28;Selic_meta_aa;12.25
2024-12-29;Selic_meta_aa;12.25
2024-12-30;Selic_meta_aa;12.25
2024-12-31;Selic_meta_aa;12.25
2025-01-01;Selic_meta_aa;12.25
2025-01-02;Selic_meta_aa;12.25
2025-01-03;Selic_meta_aa;12.25
2025-01-04;Selic_meta_aa;12.25
2025-01-05;Selic_meta_aa;12.25
2025-01-06;Selic_meta_aa;12.25
2025-01-07;Selic_meta_aa;12.25
2025-01-08;Selic_meta_aa;12.25
2025-01-09;Selic_meta_aa;12.25
2025-01-10;Selic_meta_aa;12.25
2025-01-11;Selic_meta_aa;12.25
2025-01-12;Selic_meta_aa;12.25
2025-01-13;Selic_meta_aa;12.25
2025-01-14;Selic_meta_aa;12.25
2025-01-15;Selic_meta_aa;12.25
2025-01-16;Selic_meta_aa;12.25
2025-01-17;Selic_meta_aa;12.25
2025-01-18;Selic_meta_aa;12.25
2025-01-19;Selic_meta_aa;12.25
2025-01-20;Selic_meta_aa;12.25
2025-01-21;Selic_meta_aa;12.25
2025-01-22;Selic_meta_aa;12.25
2025-01-23;Selic_meta_aa;12.25
2025-01-24;Selic_meta_aa;12.25
2025-01-25;Selic_meta_aa;12.25
2025-01-26;Selic_meta_aa;12.25
2025-01-27;Selic_meta_aa;12.25
2025-01-28;Selic_meta_aa;12.25
2025-01-29;Selic_meta_aa;12.25
2025-01-30;Selic_meta_aa;13.25
2025-01-31;Selic_meta_aa;13.25
2025-02-01;Selic_meta_aa;13.25
2025-02-02;Selic_meta_aa;13.25
2025-02-03;Selic_meta_aa;13.25
2025-02-04;Selic_meta_aa;13.25
2025-02-05;Selic_meta_aa;13.25
2025-02-06;Selic_meta_aa;13.25
2025-02-07;Selic_meta_aa;13.25
2025-02-08;Selic_meta_aa;13.25
2025-02-09;Selic_meta_aa;13.25
2025-02-10;Selic_meta_aa;13.25
2025-02-11;Selic_meta_aa;13.25
2025-02-12;Selic_meta_aa;13.25
2025-02-13;Selic_meta_aa;13.25
2025-02-14;Selic_meta_aa;13.25
2025-02-15;Selic_meta_aa;13.25
2025-02-16;Selic_meta_aa;13.25
2025-02-17;Selic_meta_aa;13.25
2025-02-18;Selic_meta_aa;13.25
2025-02-19;Selic_meta_aa;13.25
2025-02-20;Selic_meta_aa;13.25
2025-02-21;Selic_meta_aa;13.25
2025-02-22;Selic_meta_aa;13.25
2025-02-23;Selic_meta_aa;13.25
2025-02-24;Selic_meta_aa;13.25
2025-02-25;Selic_meta_aa;13.25
2025-02-26;Selic_meta_aa;13.25
2025-02-27;Selic_meta_aa;13.25
2025-02-28;Selic_meta_aa;13.25
2025-03-01;Selic_meta_aa;13.25
2025-03-02;Selic_meta_aa;13.25
2025-03-03;Selic_meta_aa;13.25
2025-03-04;Selic_meta_aa;13.25
2025-03-05;Selic_meta_aa;13.25
2025-03-06;Selic_meta_aa;13.25
2025-03-07;Selic_meta_aa;13.25
2025-03-08;Selic_meta_aa;13.25
2025-03-09;Selic_meta_aa;13.25
2025-03-10;Selic_meta_aa;13.25
2025-03-11;Selic_meta_aa;13.25
2025-03-12;Selic_meta_aa;13.25
2025-03-13;Selic_meta_aa;13.25
2025-03-14;Selic_meta_aa;13.25
2025-03-15;Selic_meta_aa;13.25
2025-03-16;Selic_meta_aa;13.25
2025-03-17;Selic_meta_aa;13.25
2025-03-18;Selic_meta_aa;13.25
2025-03-19;Selic_meta_aa;13.25
2025-03-20;Selic_meta_aa;14.25
2025-03-21;Selic_meta_aa;14.25
2025-03-22;Selic_meta_aa;14.25
2025-03-23;Selic_meta_aa;14.25
2025-03-24;Selic_meta_aa;14.25
2025-03-25;Selic_meta_aa;14.25
2025-03-26;Selic_meta_aa;14.25
2025-03-27;Selic_meta_aa;14.25
2025-03-28;Selic_meta_aa;14.25
2025-03-29;Selic_meta_aa;14.25
2025-03-30;Selic_meta_aa;14.25
2025-03-31;Selic_meta_aa;14.25
2025-04-01;Selic_meta_aa;14.25
2025-04-02;Selic_meta_aa;14.25
2025-04-03;Selic_meta_aa;14.25
2025-04-04;Selic_meta_aa;14.25
2025-04-05;Selic_meta_aa;14.25
2025-04-06;Selic_meta_aa;14.25
2025-04-07;Selic_meta_aa;14.25
2025-04-08;Selic_meta_aa;14.25
2025-04-09;Selic_meta_aa;14.25
2025-04-10;Selic_meta_aa;14.25
2025-04-11;Selic_meta_aa;14.25
2025-04-12;Selic_meta_aa;14.25
2025-04-13;Selic_meta_aa;14.25
2025-04-14;Selic_meta_aa;14.25
2025-04-15;Selic_meta_aa;14.25
2025-04-16;Selic_meta_aa;14.25
2025-04-17;Selic_meta_aa;14.25
2025-04-18;Selic_meta_aa;14.25
2025-04-19;Selic_meta_aa;14.25
2025-04-20;Selic_meta_aa;14.25
2025-04-21;Selic_meta_aa;14.25
2025-04-22;Selic_meta_aa;14.25
2025-04-23;Selic_meta_aa;14.25
2025-04-24;Selic_meta_aa;14.25
2025-04-25;Selic_meta_aa;14.25
2025-04-26;Selic_meta_aa;14.25
2025-04-27;Selic_meta_aa;14.25
2025-04-28;Selic_meta_aa;14.25
2025-04-29;Selic_meta_aa;14.25
2025-04-30;Selic_meta_aa;14.25
2025-05-01;Selic_meta_aa;14.25
2025-05-02;Selic_meta_aa;14.25
2025-05-03;Selic_meta_aa;14.25
2025-05-04;Selic_meta_aa;14.25
2025-05-05;Selic_meta_aa;14.25
2025-05-06;Selic_meta_aa;14.25
2025-05-07;Selic_meta_aa;14.25
2025-05-08;Selic_meta_aa;14.75
2025-05-09;Selic_meta_aa;14.75
2025-05-10;Selic_meta_aa;14.75
2025-05-11;Selic_meta_aa;14.75
2025-05-12;Selic_meta_aa;14.75
2025-05-13;Selic_meta_aa;14.75
2025-05-14;Selic_meta_aa;14.75
2025-05-15;Selic_meta_aa;14.75
2025-05-16;Selic_meta_aa;14.75
2025-05-17;Selic_meta_aa;14.75
2025-05-18;Selic_meta_aa;14.75
2025-05-19;Selic_meta_aa;14.75
2025-05-20;Selic_meta_aa;14.75
2025-05-21;Selic_meta_aa;14.75
2025-05-22;Selic_meta_aa;14.75
2025-05-23;Selic_meta_aa;14.75
2025-05-24;Selic_meta_aa;14.75
2025-05-25;Selic_meta_aa;14.75
2025-05-26;Selic_meta_aa;14.75
2025-05-27;Selic_meta_aa;14.75
2025-05-28;Selic_meta_aa;14.75
2025-05-29;Selic_meta_aa;14.75
2025-05-30;Selic_meta_aa;14.75
2025-05-31;Selic_meta_aa;14.75
2025-06-01;Selic_meta_aa;14.75
2025-06-02;Selic_meta_aa;14.75
2025-06-03;Selic_meta_aa;14.75
2025-06-04;Selic_meta_aa;14.75
2025-06-05;Selic_meta_aa;14.75
2025-06-06;Selic_meta_aa;14.75
2025-06-07;Selic_meta_aa;14.75
2025-06-08;Selic_meta_aa;14.75
2025-06-09;Selic_meta_aa;14.75
2025-06-10;Selic_meta_aa;14.75
2025-06-11;Selic_meta_aa;14.75
2025-06-12;Selic_meta_aa;14.75
2025-06-13;Selic_meta_aa;14.75
2025-06-14;Selic_meta_aa;14.75
2025-06-15;Selic_meta_aa;14.75
2025-06-16;Selic_meta_aa;14.75
2025-06-17;Selic_meta_aa;14.75
2025-06-18;Selic_meta_aa;14.75
2025-06-19;Selic_meta_aa;15.0
2025-06-20;Selic_meta_aa;15.0
2025-06-21;Selic_meta_aa;15.0
2025-06-22;Selic_meta_aa;15.0
2025-06-23;Selic_meta_aa;15.0
2025-06-24;Selic_meta_aa;15.0
2025-06-25;Selic_meta_aa;15.0
2025-06-26;Selic_meta_aa;15.0
2025-06-27;Selic_meta_aa;15.0
2025-06-28;Selic_meta_aa;15.0
2025-06-29;Selic_meta_aa;15.0
2025-06-30;Selic_meta_aa;15.0
2025-07-01;Selic_meta_aa;15.0
2025-07-02;Selic_meta_aa;15.0
2025-07-03;Selic_meta_aa;15.0
2025-07-04;Selic_meta_aa;15.0
2025-07-05;Selic_meta_aa;15.0
2025-07-06;Selic_meta_aa;15.0
2025-07-07;Selic_meta_aa;15.0
2025-07-08;Selic_meta_aa;15.0
2025-07-09;Selic_meta_aa;15.0
2025-07-10;Selic_meta_aa;15.0
2025-07-11;Selic_meta_aa;15.0
2025-07-12;Selic_meta_aa;15.0
2025-07-13;Selic_meta_aa;15.0
2025-07-14;Selic_meta_aa;15.0
2025-07-15;Selic_meta_aa;15.0
2025-07-16;Selic_meta_aa;15.0
2025-07-17;Selic_meta_aa;15.0
2025-07-18;Selic_meta_aa;15.0
2025-07-19;Selic_meta_aa;15.0
2025-07-20;Selic_meta_aa;15.0
2025-07-21;Selic_meta_aa;15.0
2025-07-22;Selic_meta_aa;15.0
2025-07-23;Selic_meta_aa;15.0
2025-07-24;Selic_meta_aa;15.0
2025-07-25;Selic_meta_aa;15.0
2025-07-26;Selic_meta_aa;15.0
2025-07-27;Selic_meta_aa;15.0
2025-07-28;Selic_meta_aa;15.0
2025-07-29;Selic_meta_aa;15.0
2025-07-30;Selic_meta_aa;15.0
2025-07-31;Selic_meta_aa;15.0
2025-08-01;Selic_meta_aa;15.0
2025-08-02;Selic_meta_aa;15.0
2025-08-03;Selic_meta_aa;15.0
2025-08-04;Selic_meta_aa;15.0
2025-08-05;Selic_meta_aa;15.0
2025-08-06;Selic_meta_aa;15.0
2025-08-07;Selic_meta_aa;15.0
2025-08-08;Selic_meta_aa;15.0
2025-08-09;Selic_meta_aa;15.0
2025-08-10;Selic_meta_aa;15.0
2025-08-11;Selic_meta_aa;15.0
2025-08-12;Selic_meta_aa;15.0
2025-08-13;Selic_meta_aa;15.0
2025-08-14;Selic_meta_aa;15.0
2025-08-15;Selic_meta_aa;15.0
2025-08-16;Selic_meta_aa;15.0
2025-08-17;Selic_meta_aa;15.0
2025-08-18;Selic_meta_aa;15.0
2025-08-19;Selic_meta_aa;15.0
2025-08-20;Selic_meta_aa;15.0
2025-08-21;Selic_meta_aa;15.0
2025-08-22;Selic_meta_aa;15.0
2025-08-23;Selic_meta_aa;15.0
2025-08-24;Selic_meta_aa;15.0
2025-08-25;Selic_meta_aa;15.0
2025-08-26;Selic_meta_aa;15.0
2025-08-27;Selic_meta_aa;15.0
2025-08-28;Selic_meta_aa;15.0
2025-08-29;Selic_meta_aa;15.0
2025-08-30;Selic_meta_aa;15.0
2025-08-31;Selic_meta_aa;15.0
2025-09-01;Selic_meta_aa;15.0
2025-09-02;Selic_meta_aa;15.0
2025-09-03;Selic_meta_aa;15.0
2025-09-04;Selic_meta_aa;15.0
2025-09-05;Selic_meta_aa;15.0
2025-09-06;Selic_meta_aa;15.0
2025-09-07;Selic_meta_aa;15.0
2025-09-08;Selic_meta_aa;15.0
2025-09-09;Selic_meta_aa;15.0
2025-09-10;Selic_meta_aa;15.0
2025-09-11;Selic_meta_aa;15.0
2025-09-12;Selic_meta_aa;15.0
2025-09-13;Selic_meta_aa;15.0
2025-09-14;Selic_meta_aa;15.0
2025-09-15;Selic_meta_aa;15.0
2025-09-16;Selic_meta_aa;15.0
2025-09-17;Selic_meta_aa;15.0
2025-09-18;Selic_meta_aa;15.0
2025-09-19;Selic_meta_aa;15.0
2025-09-20;Selic_meta_aa;15.0
2025-09-21;Selic_meta_aa;15.0
2025-09-22;Selic_meta_aa;15.0
2025-09-23;Selic_meta_aa;15.0
2025-09-24;Selic_meta_aa;15.0
2025-09-25;Selic_meta_aa;15.0
2025-09-26;Selic_meta_aa;15.0
2025-09-27;Selic_meta_aa;15.0
2025-09-28;Selic_meta_aa;15.0
2025-09-29;Selic_meta_aa;15.0
2025-09-30;Selic_meta_aa;15.0
2025-10-01;Selic_meta_aa;15.0
2025-10-02;Selic_meta_aa;15.0
2025-10-03;Selic_meta_aa;15.0
2025-10-04;Selic_meta_aa;15.0
2025-10-05;Selic_meta_aa;15.0
2025-10-06;Selic_meta_aa;15.0
2025-10-07;Selic_meta_aa;15.0
2025-10-08;Selic_meta_aa;15.0
2025-10-09;Selic_meta_aa;15.0
2025-10-10;Selic_meta_aa;15.0
2025-10-11;Selic_meta_aa;15.0
2025-10-12;Selic_meta_aa;15.0
2025-10-13;Selic_meta_aa;15.0
2025-10-14;Selic_meta_aa;15.0
2025-10-15;Selic_meta_aa;15.0
2025-10-16;Selic_meta_aa;15.0
2025-10-17;Selic_meta_aa;15.0
2025-10-18;Selic_meta_aa;15.0
2025-10-19;Selic_meta_aa;15.0
2025-10-20;Selic_meta_aa;15.0
2025-10-21;Selic_meta_aa;15.0
2025-10-22;Selic_meta_aa;15.0
2025-10-23;Selic_meta_aa;15.0
2025-10-24;Selic_meta_aa;15.0
2025-10-25;Selic_meta_aa;15.0
2025-10-26;Selic_meta_aa;15.0
2025-10-27;Selic_meta_aa;15.0
2025-10-28;Selic_meta_aa;15.0
2025-10-29;Selic_meta_aa;15.0
2025-10-30;Selic_meta_aa;15.0
2025-10-31;Selic_meta_aa;15.0
2025-11-01;Selic_meta_aa;15.0
2025-11-02;Selic_meta_aa;15.0
2025-11-03;Selic_meta_aa;15.0
2025-11-04;Selic_meta_aa;15.0
2025-11-05;Selic_meta_aa;15.0
2025-11-06;Selic_meta_aa;15.0
2025-11-07;Selic_meta_aa;15.0
2025-11-08;Selic_meta_aa;15.0
2025-11-09;Selic_meta_aa;15.0
2025-11-10;Selic_meta_aa;15.0
2025-11-11;Selic_meta_aa;15.0
2025-11-12;Selic_meta_aa;15.0
2025-11-13;Selic_meta_aa;15.0
2025-11-14;Selic_meta_aa;15.0
2025-11-15;Selic_meta_aa;15.0
2025-11-16;Selic_meta_aa;15.0
2025-11-17;Selic_meta_aa;15.0
2025-11-18;Selic_meta_aa;15.0
2025-11-19;Selic_meta_aa;15.0
2025-11-20;Selic_meta_aa;15.0
2025-11-21;Selic_meta_aa;15.0
2025-11-22;Selic_meta_aa;15.0
2025-11-23;Selic_meta_aa;15.0
2025-11-24;Selic_meta_aa;15.0
2025-11-25;Selic_meta_aa;15.0
2025-11-26;Selic_meta_aa;15.0
2025-11-27;Selic_meta_aa;15.0
2025-11-28;Selic_meta_aa;15.0
2025-11-29;Selic_meta_aa;15.0
2025-11-30;Selic_meta_aa;15.0
2025-12-01;Selic_meta_aa;15.0
2025-12-02;Selic_meta_aa;15.0
2025-12-03;Selic_meta_aa;15.0
2025-12-04;Selic_meta_aa;15.0
2025-12-05;Selic_meta_aa;15.0
2025-12-06;Selic_meta_aa;15.0
2025-12-07;Selic_meta_aa;15.0
2025-12-08;Selic_meta_aa;15.0
2025-12-09;Selic_meta_aa;15.0
2025-12-10;Selic_meta_aa;15.0
2025-12-11;Selic_meta_aa;15.0
2025-12-12;Selic_meta_aa;15.0
2025-12-13;Selic_meta_aa;15.0
2025-12-14;Selic_meta_aa;15.0
2025-12-15;Selic_meta_aa;15.0
2025-12-16;Selic_meta_aa;15.0
2025-12-17;Selic_meta_aa;15.0
2025-12-18;Selic_meta_aa;15.0
2025-12-19;Selic_meta_aa;15.0
2025-12-20;Selic_meta_aa;15.0
2025-12-21;Selic_meta_aa;15.0
2025-12-22;Selic_meta_aa;15.0
2025-12-23;Selic_meta_aa;15.0
2025-12-24;Selic_meta_aa;15.0
2025-12-25;Selic_meta_aa;15.0
2025-12-26;Selic_meta_aa;15.0
2025-12-27;Selic_meta_aa;15.0
2025-12-28;Selic_meta_aa;15.0
2025-12-29;Selic_meta_aa;15.0
2025-12-30;Selic_meta_aa;15.0
2025-12-31;Selic_meta_aa;15.0
2026-01-01;Selic_meta_aa;15.0
2026-01-02;Selic_meta_aa;15.0
2026-01-03;Selic_meta_aa;15.0
2026-01-04;Selic_meta_aa;15.0
2026-01-05;Selic_meta_aa;15.0
2026-01-06;Selic_meta_aa;15.0
2026-01-07;Selic_meta_aa;15.0
2026-01-08;Selic_meta_aa;15.0
2026-01-09;Selic_meta_aa;15.0
2026-01-10;Selic_meta_aa;15.0
2026-01-11;Selic_meta_aa;15.0
2026-01-12;Selic_meta_aa;15.0
2026-01-13;Selic_meta_aa;15.0
2026-01-14;Selic_meta_aa;15.0
2026-01-15;Selic_meta_aa;15.0
2026-01-16;Selic_meta_aa;15.0
2026-01-17;Selic_meta_aa;15.0
2026-01-18;Selic_meta_aa;15.0
2026-01-19;Selic_meta_aa;15.0
2026-01-20;Selic_meta_aa;15.0
2026-01-21;Selic_meta_aa;15.0
2026-01-22;Selic_meta_aa;15.0
2026-01-23;Selic_meta_aa;15.0
2026-01-24;Selic_meta_aa;15.0
2026-01-25;Selic_meta_aa;15.0
2026-01-26;Selic_meta_aa;15.0
2026-01-27;Selic_meta_aa;15.0
2026-01-28;Selic_meta_aa;15.0
2026-01-29;Selic_meta_aa;15.0
2026-01-30;Selic_meta_aa;15.0
2026-01-31;Selic_meta_aa;15.0
2026-02-01;Selic_meta_aa;15.0
2026-02-02;Selic_meta_aa;15.0
2026-02-03;Selic_meta_aa;15.0
2026-02-04;Selic_meta_aa;15.0
2026-02-05;Selic_meta_aa;15.0
2026-02-06;Selic_meta_aa;15.0
2026-02-07;Selic_meta_aa;15.0
2026-02-08;Selic_meta_aa;15.0
2026-02-09;Selic_meta_aa;15.0
2026-02-10;Selic_meta_aa;15.0
2026-02-11;Selic_meta_aa;15.0
2026-02-12;Selic_meta_aa;15.0
2026-02-13;Selic_meta_aa;15.0
2026-02-14;Selic_meta_aa;15.0
2026-02-15;Selic_meta_aa;15.0
2026-02-16;Selic_meta_aa;15.0
2026-02-17;Selic_meta_aa;15.0
2026-02-18;Selic_meta_aa;15.0
2026-02-19;Selic_meta_aa;15.0
2026-02-20;Selic_meta_aa;15.0
2026-02-21;Selic_meta_aa;15.0
2026-02-22;Selic_meta_aa;15.0
2026-02-23;Selic_meta_aa;15.0
2026-02-24;Selic_meta_aa;15.0
2026-02-25;Selic_meta_aa;15.0
2026-02-26;Selic_meta_aa;15.0
2026-02-27;Selic_meta_aa;15.0
2026-02-28;Selic_meta_aa;15.0
2026-03-01;Selic_meta_aa;15.0
2026-03-02;Selic_meta_aa;15.0
2026-03-03;Selic_meta_aa;15.0
2026-03-04;Selic_meta_aa;15.0
2026-03-05;Selic_meta_aa;15.0
2026-03-06;Selic_meta_aa;15.0
2026-03-07;Selic_meta_aa;15.0
2026-03-08;Selic_meta_aa;15.0
2026-03-09;Selic_meta_aa;15.0
2026-03-10;Selic_meta_aa;15.0
2026-03-11;Selic_meta_aa;15.0
2026-03-12;Selic_meta_aa;15.0
2026-03-13;Selic_meta_aa;15.0
2026-03-14;Selic_meta_aa;15.0
2026-03-15;Selic_meta_aa;15.0
2026-03-16;Selic_meta_aa;15.0
2026-03-17;Selic_meta_aa;15.0
2026-03-18;Selic_meta_aa;15.0
2026-03-19;Selic_meta_aa;14.75
2026-03-20;Selic_meta_aa;14.75
2026-03-21;Selic_meta_aa;14.75
2026-03-22;Selic_meta_aa;14.75
2026-03-23;Selic_meta_aa;14.75
2026-03-24;Selic_meta_aa;14.75
2026-03-25;Selic_meta_aa;14.75
2026-03-26;Selic_meta_aa;14.75
2026-03-27;Selic_meta_aa;14.75
2026-03-28;Selic_meta_aa;14.75
2026-03-29;Selic_meta_aa;14.75
2026-03-30;Selic_meta_aa;14.75
2026-03-31;Selic_meta_aa;14.75
2026-04-01;Selic_meta_aa;14.75
2026-04-02;Selic_meta_aa;14.75
2026-04-03;Selic_meta_aa;14.75
2026-04-04;Selic_meta_aa;14.75
2026-04-05;Selic_meta_aa;14.75
2026-04-06;Selic_meta_aa;14.75
2026-04-07;Selic_meta_aa;14.75
2026-04-08;Selic_meta_aa;14.75
2026-04-09;Selic_meta_aa;14.75
2026-04-10;Selic_meta_aa;14.75
2026-04-11;Selic_meta_aa;14.75
2026-04-12;Selic_meta_aa;14.75
2026-04-13;Selic_meta_aa;14.75
2026-04-14;Selic_meta_aa;14.75
2026-04-15;Selic_meta_aa;14.75
2026-04-16;Selic_meta_aa;14.75
2026-04-17;Selic_meta_aa;14.75
2026-04-18;Selic_meta_aa;14.75
2026-04-19;Selic_meta_aa;14.75
2026-04-20;Selic_meta_aa;14.75
2026-04-21;Selic_meta_aa;14.75
2026-04-22;Selic_meta_aa;14.75
2026-04-23;Selic_meta_aa;14.75
2026-04-24;Selic_meta_aa;14.75
2026-04-25;Selic_meta_aa;14.75
2026-04-26;Selic_meta_aa;14.75
2026-04-27;Selic_meta_aa;14.75
2026-04-28;Selic_meta_aa;14.75
2026-04-29;Selic_meta_aa;14.75
2026-04-30;Selic_meta_aa;14.5
2026-05-01;Selic_meta_aa;14.5
2026-05-02;Selic_meta_aa;14.5
2026-05-03;Selic_meta_aa;14.5
2026-05-04;Selic_meta_aa;14.5
2026-05-05;Selic_meta_aa;14.5
2026-05-06;Selic_meta_aa;14.5
2026-05-07;Selic_meta_aa;14.5
2026-05-08;Selic_meta_aa;14.5
2026-05-09;Selic_meta_aa;14.5
2026-05-10;Selic_meta_aa;14.5
2026-05-11;Selic_meta_aa;14.5
2026-05-12;Selic_meta_aa;14.5
2026-05-13;Selic_meta_aa;14.5
2026-05-14;Selic_meta_aa;14.5
2026-05-15;Selic_meta_aa;14.5
2026-05-16;Selic_meta_aa;14.5
2026-05-17;Selic_meta_aa;14.5
2026-05-18;Selic_meta_aa;14.5
2026-05-19;Selic_meta_aa;14.5
2026-05-20;Selic_meta_aa;14.5
2026-05-21;Selic_meta_aa;14.5
2026-05-22;Selic_meta_aa;14.5
2026-05-23;Selic_meta_aa;14.5
2026-05-24;Selic_meta_aa;14.5
2026-05-25;Selic_meta_aa;14.5
2026-05-26;Selic_meta_aa;14.5
2026-05-27;Selic_meta_aa;14.5
2026-05-28;Selic_meta_aa;14.5
2026-05-29;Selic_meta_aa;14.5
2026-05-30;Selic_meta_aa;14.5
2026-05-31;Selic_meta_aa;14.5
2026-06-01;Selic_meta_aa;14.5
2026-06-02;Selic_meta_aa;14.5
2026-06-03;Selic_meta_aa;14.5
2026-06-04;Selic_meta_aa;14.5
2026-06-05;Selic_meta_aa;14.5
2026-06-06;Selic_meta_aa;14.5
2026-06-07;Selic_meta_aa;14.5
2026-06-08;Selic_meta_aa;14.5
2026-06-09;Selic_meta_aa;14.5
2026-06-10;Selic_meta_aa;14.5
2026-06-11;Selic_meta_aa;14.5
2026-06-12;Selic_meta_aa;14.5
2026-06-13;Selic_meta_aa;14.5
2026-06-14;Selic_meta_aa;14.5
2026-06-15;Selic_meta_aa;14.5
2026-06-16;Selic_meta_aa;14.5
2026-06-17;Selic_meta_aa;14.5
2026-06-18;Selic_meta_aa;14.25
2026-06-19;Selic_meta_aa;14.25
2026-06-20;Selic_meta_aa;14.25
2026-06-21;Selic_meta_aa;14.25
2026-06-22;Selic_meta_aa;14.25
2026-06-23;Selic_meta_aa;14.25
2026-06-24;Selic_meta_aa;14.25
2026-06-25;Selic_meta_aa;14.25
2026-06-26;Selic_meta_aa;14.25
2026-06-27;Selic_meta_aa;14.25
2026-06-28;Selic_meta_aa;14.25
2026-06-29;Selic_meta_aa;14.25
2026-06-30;Selic_meta_aa;14.25
2026-07-01;Selic_meta_aa;14.25
2026-07-02;Selic_meta_aa;14.25
2026-07-03;Selic_meta_aa;14.25
2026-07-04;Selic_meta_aa;14.25
2026-07-05;Selic_meta_aa;14.25
2026-07-06;Selic_meta_aa;14.25
2026-07-07;Selic_meta_aa;14.25
2026-07-08;Selic_meta_aa;14.25
2026-07-09;Selic_meta_aa;14.25
2026-07-10;Selic_meta_aa;14.25
2026-07-11;Selic_meta_aa;14.25
2026-07-12;Selic_meta_aa;14.25
2026-07-13;Selic_meta_aa;14.25
2026-07-14;Selic_meta_aa;14.25
2026-07-15;Selic_meta_aa;14.25
2026-07-16;Selic_meta_aa;14.25
2026-07-17;Selic_meta_aa;14.25
2026-07-18;Selic_meta_aa;14.25
2026-07-19;Selic_meta_aa;14.25
2026-07-20;Selic_meta_aa;14.25
2026-07-21;Selic_meta_aa;14.25
2026-07-22;Selic_meta_aa;14.25
2026-07-23;Selic_meta_aa;14.25
2026-07-24;Selic_meta_aa;14.25
2026-07-25;Selic_meta_aa;14.25
2026-07-26;Selic_meta_aa;14.25
2026-07-27;Selic_meta_aa;14.25
2026-07-28;Selic_meta_aa;14.25
2026-07-29;Selic_meta_aa;14.25
2026-07-30;Selic_meta_aa;14.25
2026-07-31;Selic_meta_aa;14.25
2026-08-01;Selic_meta_aa;14.25
2026-08-02;Selic_meta_aa;14.25
2026-08-03;Selic_meta_aa;14.25
2026-08-04;Selic_meta_aa;14.25
2026-08-05;Selic_meta_aa;14.25
2026-08-06;Selic_meta_aa;14.0
2026-08-07;Selic_meta_aa;14.0
2026-08-08;Selic_meta_aa;14.0
2026-08-09;Selic_meta_aa;14.0
2026-08-10;Selic_meta_aa;14.0
2026-08-11;Selic_meta_aa;14.0
2026-08-12;Selic_meta_aa;14.0
2026-08-13;Selic_meta_aa;14.0
2026-08-14;Selic_meta_aa;14.0
2026-08-15;Selic_meta_aa;14.0
2026-08-16;Selic_meta_aa;14.0
2026-08-17;Selic_meta_aa;14.0
2026-08-18;Selic_meta_aa;14.0
2026-08-19;Selic_meta_aa;14.0
2026-08-20;Selic_meta_aa;14.0
2026-08-21;Selic_meta_aa;14.0
2026-08-22;Selic_meta_aa;14.0
2026-08-23;Selic_meta_aa;14.0
2026-08-24;Selic_meta_aa;14.0
2026-08-25;Selic_meta_aa;14.0
2026-08-26;Selic_meta_aa;14.0
2026-08-27;Selic_meta_aa;14.0
2026-08-28;Selic_meta_aa;14.0
2026-08-29;Selic_meta_aa;14.0
2026-08-30;Selic_meta_aa;14.0
2026-08-31;Selic_meta_aa;14.0
2026-09-01;Selic_meta_aa;14.0
2026-09-02;Selic_meta_aa;14.0
2026-09-03;Selic_meta_aa;14.0
2026-09-04;Selic_meta_aa;14.0
2026-09-05;Selic_meta_aa;14.0
2026-09-06;Selic_meta_aa;14.0
2026-09-07;Selic_meta_aa;14.0
2026-09-08;Selic_meta_aa;14.0
2026-09-09;Selic_meta_aa;14.0
2026-09-10;Selic_meta_aa;14.0
2026-09-11;Selic_meta_aa;14.0
2026-09-12;Selic_meta_aa;14.0
2026-09-13;Selic_meta_aa;14.0
2026-09-14;Selic_meta_aa;14.0
2026-09-15;Selic_meta_aa;14.0
2026-09-16;Selic_meta_aa;14.0
2026-09-17;Selic_meta_aa;13.75
2026-09-18;Selic_meta_aa;13.75
2026-09-19;Selic_meta_aa;13.75
2026-09-20;Selic_meta_aa;13.75
2026-09-21;Selic_meta_aa;13.75
2026-09-22;Selic_meta_aa;13.75
2026-09-23;Selic_meta_aa;13.75
2026-09-24;Selic_meta_aa;13.75
2026-09-25;Selic_meta_aa;13.75
2026-09-26;Selic_meta_aa;13.75
2026-09-27;Selic_meta_aa;13.75
2026-09-28;Selic_meta_aa;13.75
2026-09-29;Selic_meta_aa;13.75
2026-09-30;Selic_meta_aa;13.75
2026-10-01;Selic_meta_aa;13.75
2026-10-02;Selic_meta_aa;13.75
2026-10-03;Selic_meta_aa;13.75
2026-10-04;Selic_meta_aa;13.75
2026-10-05;Selic_meta_aa;13.75
2026-10-06;Selic_meta_aa;13.75
2026-10-07;Selic_meta_aa;13.75
2026-10-08;Selic_meta_aa;13.75
2026-10-09;Selic_meta_aa;13.75
2026-10-10;Selic_meta_aa;13.75
2026-10-11;Selic_meta_aa;13.75
2026-10-12;Selic_meta_aa;13.75
2026-10-13;Selic_meta_aa;13.75
2026-10-14;Selic_meta_aa;13.75
2026-10-15;Selic_meta_aa;13.75
2026-10-16;Selic_meta_aa;13.75
2026-10-17;Selic_meta_aa;13.75
2026-10-18;Selic_meta_aa;13.75
2026-10-19;Selic_meta_aa;13.75
2026-10-20;Selic_meta_aa;13.75
2026-10-21;Selic_meta_aa;13.75
2026-10-22;Selic_meta_aa;13.75
2026-10-23;Selic_meta_aa;13.75
2026-10-24;Selic_meta_aa;13.75
2026-10-25;Selic_meta_aa;13.75
2026-10-26;Selic_meta_aa;13.75
2026-10-27;Selic_meta_aa;13.75
2026-10-28;Selic_meta_aa;13.75
2026-10-29;Selic_meta_aa;13.75
2026-10-30;Selic_meta_aa;13.75
2026-10-31;Selic_meta_aa;13.75
2026-11-01;Selic_meta_aa;13.75
2026-11-02;Selic_meta_aa;13.75
2026-11-03;Selic_meta_aa;13.75
2026-11-04;Selic_meta_aa;13.75
2024-07-01;IPCA_12m;4.5
2024-08-01;IPCA_12m;4.24
2024-09-01;IPCA_12m;4.42
2024-10-01;IPCA_12m;4.76
2024-11-01;IPCA_12m;4.87
2024-12-01;IPCA_12m;4.83
2025-01-01;IPCA_12m;4.56
2025-02-01;IPCA_12m;5.06
2025-03-01;IPCA_12m;5.48
2025-04-01;IPCA_12m;5.53
2025-05-01;IPCA_12m;5.32
2025-06-01;IPCA_12m;5.35
2025-07-01;IPCA_12m;5.23
2025-08-01;IPCA_12m;5.13
2025-09-01;IPCA_12m;5.17
2025-10-01;IPCA_12m;4.68
2025-11-01;IPCA_12m;4.46
2025-12-01;IPCA_12m;4.26
2026-01-01;IPCA_12m;4.44
2026-02-01;IPCA_12m;3.81
2026-03-01;IPCA_12m;4.14
2026-04-01;IPCA_12m;4.39
2026-05-01;IPCA_12m;4.72
2026-06-01;IPCA_12m;4.64
2026-07-01;IPCA_12m;4.44
2026-08-01;IPCA_12m;4.22
