Ticker;Data_Coleta;P_VP_Fundamentus;DY_Fundamentus_%;FFO_Yield_%;Valor_Mercado;Qtd_Imoveis;Cap_Rate_%;Vacancia_%
ALZR11;2026-09-24;0.92;10.1;8.58;1620990000.0;20.0;8.65;0.0
BCIA11;2026-09-24;0.91;12.81;12.67;325602000.0;0.0;;
BRCO11;2026-09-24;0.96;9.88;7.54;1981980000.0;14.0;8.37;9.53
BTLG11;2026-09-24;0.92;9.68;6.67;6986910000.0;30.0;8.13;2.16
CPTS11;2026-09-24;0.88;14.37;6.13;2697190000.0;0.0;;
GGRC11;2026-09-24;0.82;13.25;4.53;3097560000.0;48.0;7.7;0.0
HGBS11;2026-09-24;0.91;10.53;8.63;2651810000.0;15.0;10.94;4.28
HGCR11;2026-09-24;0.97;12.22;11.26;1466570000.0;0.0;;
HGLG11;2026-09-24;0.89;8.97;7.55;6728020000.0;37.0;9.16;2.41
HGRE11;2026-09-24;0.76;9.96;7.85;1353130000.0;12.0;10.92;5.93
HGRU11;2026-09-24;0.89;10.39;7.9;2819180000.0;98.0;9.77;0.81
HSML11;2026-09-24;0.84;10.24;5.44;1774010000.0;10.0;11.94;86.28
KNCR11;2026-09-24;1.03;13.16;10.67;11368600000.0;0.0;;
KNIP11;2026-09-24;0.95;11.23;13.92;7136570000.0;0.0;;
KNRI11;2026-09-24;0.96;8.32;7.09;4413650000.0;18.0;7.84;0.08
KNSC11;2026-09-24;1.02;12.65;14.22;1831270000.0;0.0;;
MCCI11;2026-09-24;1.0;12.58;10.92;1599500000.0;0.0;;
MXRF11;2026-09-24;0.98;14.18;9.45;5121870000.0;2.0;;0.0
PCIP11;2026-09-24;0.79;14.14;15.17;1258700000.0;0.0;;
PVBI11;2026-09-24;0.63;7.64;7.86;1789230000.0;8.0;9.97;9.28
RBRR11;2026-09-24;0.74;14.43;10.99;1109400000.0;0.0;;
RBRY11;2026-09-24;0.81;16.11;12.6;1040720000.0;0.0;;
RECR11;2026-09-24;0.84;14.47;14.42;1957480000.0;1.0;;100.0
TGAR11;2026-09-24;0.41;21.81;22.8;1038170000.0;4.0;16.27;0.0
TRXF11;2026-09-24;0.77;15.76;5.64;4619250000.0;95.0;3.93;0.0
VISC11;2026-09-24;0.89;9.6;6.67;2965890000.0;32.0;6.91;5.78
VRTA11;2026-09-24;0.84;14.3;14.8;1098950000.0;0.0;;
XPLG11;2026-09-24;0.88;10.6;8.02;4727890000.0;30.0;7.74;16.5
XPML11;2026-09-24;0.89;11.14;9.38;6314410000.0;17.0;10.54;5.2
ALZR11;2026-09-25;0.92;10.17;8.63;1611120000.0;20.0;8.71;0.0
BCIA11;2026-09-25;0.91;12.81;12.66;325788000.0;0.0;;
BRCO11;2026-09-25;0.96;9.88;7.54;1982340000.0;14.0;8.37;9.53
BTLG11;2026-09-25;0.92;9.68;6.67;6987620000.0;30.0;8.13;2.16
CPTS11;2026-09-25;0.87;14.39;6.14;2693560000.0;0.0;;
GGRC11;2026-09-25;0.82;13.29;4.54;3087190000.0;48.0;7.73;0.0
HGBS11;2026-09-25;0.92;10.46;8.58;2667690000.0;15.0;10.87;4.28
HGCR11;2026-09-25;0.97;12.27;11.31;1459940000.0;0.0;;
HGLG11;2026-09-25;0.89;8.95;7.53;6743070000.0;37.0;9.14;2.41
HGRE11;2026-09-25;0.76;9.9;7.81;1360230000.0;12.0;10.86;5.93
HGRU11;2026-09-25;0.88;10.42;7.91;2812470000.0;98.0;9.79;0.81
HSML11;2026-09-25;0.84;10.29;5.46;1766120000.0;10.0;11.99;86.28
KNCR11;2026-09-25;1.03;13.2;10.7;11337600000.0;0.0;;
KNIP11;2026-09-25;0.96;11.16;13.83;7180610000.0;0.0;;
KNRI11;2026-09-25;0.95;8.4;7.16;4370220000.0;18.0;7.92;0.08
KNSC11;2026-09-25;1.02;12.67;14.24;1829230000.0;0.0;;
MCCI11;2026-09-25;1.0;12.66;11.0;1589150000.0;0.0;;
MXRF11;2026-09-25;0.98;14.18;9.45;5121870000.0;2.0;;0.0
PCIP11;2026-09-25;0.79;14.19;15.22;1254440000.0;0.0;;
PVBI11;2026-09-25;0.63;7.7;7.91;1777020000.0;8.0;10.04;9.28
RBRR11;2026-09-25;0.73;14.55;11.08;1100270000.0;0.0;;
RBRY11;2026-09-25;0.81;16.23;12.69;1033050000.0;0.0;;
RECR11;2026-09-25;0.84;14.59;14.54;1940820000.0;1.0;;100.0
TGAR11;2026-09-25;0.41;21.98;22.98;1029920000.0;4.0;16.4;0.0
TRXF11;2026-09-25;0.76;15.99;5.72;4554940000.0;95.0;3.99;0.0
VISC11;2026-09-25;0.89;9.63;6.7;2956380000.0;32.0;6.93;5.78
VRTA11;2026-09-25;0.84;14.34;14.84;1096150000.0;0.0;;
XPLG11;2026-09-25;0.89;10.51;7.96;4767460000.0;30.0;7.68;16.5
XPML11;2026-09-25;0.89;11.2;9.42;6282900000.0;17.0;10.6;5.2
ALZR11;2026-09-29;0.92;10.07;8.55;1625920000.0;20.0;8.63;0.0
BCIA11;2026-09-29;0.91;12.86;12.72;324337000.0;0.0;;
BRCO11;2026-09-29;0.96;9.84;7.51;1989550000.0;14.0;8.34;9.53
BTLG11;2026-09-29;0.93;9.56;6.59;7074160000.0;30.0;8.03;2.16
CPTS11;2026-09-29;0.88;14.37;6.13;2697190000.0;0.0;;
GGRC11;2026-09-29;0.82;13.29;4.54;3087190000.0;48.0;7.73;0.0
HGBS11;2026-09-29;0.92;10.4;8.53;2683570000.0;15.0;10.81;4.28
HGCR11;2026-09-29;0.96;12.33;11.36;1453160000.0;0.0;;
HGLG11;2026-09-29;0.89;8.97;7.54;6729900000.0;37.0;9.15;2.41
HGRE11;2026-09-29;0.77;9.82;7.75;1372160000.0;12.0;10.76;5.93
HGRU11;2026-09-29;0.89;10.31;7.84;2840040000.0;98.0;9.7;0.81
HSML11;2026-09-29;0.83;10.32;5.48;1761000000.0;10.0;12.02;86.28
KNCR11;2026-09-29;1.03;13.15;10.66;11375100000.0;0.0;;
KNIP11;2026-09-29;0.95;11.28;13.99;7098930000.0;0.0;;
KNRI11;2026-09-29;0.96;8.32;7.09;4413650000.0;18.0;7.84;0.08
KNSC11;2026-09-29;1.03;12.55;14.11;1845560000.0;0.0;;
MCCI11;2026-09-29;1.0;12.62;10.96;1594240000.0;0.0;;
MXRF11;2026-09-29;0.98;14.11;9.4;5150230000.0;2.0;;0.0
PCIP11;2026-09-29;0.79;14.28;15.31;1246960000.0;0.0;;
PVBI11;2026-09-29;0.62;7.74;7.96;1766440000.0;8.0;10.1;9.28
RBRR11;2026-09-29;0.74;14.45;11.0;1107930000.0;0.0;;
RBRY11;2026-09-29;0.81;16.1;12.59;1041230000.0;0.0;;
RECR11;2026-09-29;0.84;14.61;14.56;1938170000.0;1.0;;100.0
TGAR11;2026-09-29;0.41;21.93;22.93;1032280000.0;4.0;16.37;0.0
TRXF11;2026-09-29;0.75;16.01;5.73;4546830000.0;95.0;3.99;0.0
VISC11;2026-09-29;0.89;9.6;6.67;2966180000.0;32.0;6.91;5.78
VRTA11;2026-09-29;0.85;14.12;14.61;1112990000.0;0.0;;
XPLG11;2026-09-29;0.88;10.54;7.98;4755640000.0;30.0;7.7;16.5
XPML11;2026-09-29;0.9;11.03;9.28;6377430000.0;17.0;10.44;5.2
ALZR11;2026-09-30;0.93;10.02;8.51;1634140000.0;20.0;8.58;0.0
BCIA11;2026-09-30;0.9;12.9;12.75;323408000.0;0.0;;
BRCO11;2026-09-30;0.97;9.75;7.44;2008650000.0;14.0;8.26;9.53
BTLG11;2026-09-30;0.93;9.61;6.63;7036560000.0;30.0;8.08;2.16
CPTS11;2026-09-30;0.88;14.22;6.06;2726270000.0;0.0;;
GGRC11;2026-09-30;0.82;13.32;4.55;3080270000.0;48.0;7.74;0.0
HGBS11;2026-09-30;0.92;10.42;8.54;2679240000.0;15.0;10.82;4.28
HGCR11;2026-09-30;0.96;12.36;11.39;1449920000.0;0.0;;
HGLG11;2026-09-30;0.89;8.95;7.53;6745860000.0;37.0;9.13;2.41
HGRE11;2026-09-30;0.77;9.82;7.75;1371690000.0;12.0;10.77;5.93
HGRU11;2026-09-30;0.89;10.3;7.82;2844760000.0;98.0;9.68;0.81
HSML11;2026-09-30;0.83;10.34;5.49;1757590000.0;10.0;12.05;86.28
KNCR11;2026-09-30;1.03;13.18;10.68;11354700000.0;0.0;;
KNIP11;2026-09-30;0.96;11.17;13.85;7174200000.0;0.0;;
KNRI11;2026-09-30;0.96;8.3;7.07;4423520000.0;18.0;7.82;0.08
KNSC11;2026-09-30;1.04;12.51;14.07;1851690000.0;0.0;;
MCCI11;2026-09-30;1.0;12.63;10.96;1593730000.0;0.0;;
MXRF11;2026-09-30;0.98;14.08;9.38;5161580000.0;2.0;;0.0
PCIP11;2026-09-30;0.78;14.34;15.37;1241680000.0;0.0;;
PVBI11;2026-09-30;0.62;7.74;7.96;1766170000.0;8.0;10.1;9.28
RBRR11;2026-09-30;0.73;14.47;11.02;1105970000.0;0.0;;
RBRY11;2026-09-30;0.81;16.12;12.61;1039950000.0;0.0;;
RECR11;2026-09-30;0.84;14.57;14.53;1942930000.0;1.0;;100.0
TGAR11;2026-09-30;0.41;22.01;23.02;1028510000.0;4.0;16.43;0.0
TRXF11;2026-09-30;0.75;16.14;5.77;4510620000.0;95.0;4.03;0.0
VISC11;2026-09-30;0.89;9.57;6.65;2974830000.0;32.0;6.89;5.78
VRTA11;2026-09-30;0.86;13.94;14.42;1127640000.0;0.0;;
XPLG11;2026-09-30;0.88;10.56;7.99;4747930000.0;30.0;7.71;16.5
XPML11;2026-09-30;0.9;11.03;9.28;6378720000.0;17.0;10.44;5.2
