Ticker;Data_Ex;Valor_R$;Fonte;Data_Coleta
ALZR11;2022-03-21;0.072151;yahoo;2026-10-03
ALZR11;2022-04-18;0.072922;yahoo;2026-10-03
ALZR11;2022-05-19;0.073306;yahoo;2026-10-03
ALZR11;2022-06-20;0.073785;yahoo;2026-10-03
ALZR11;2022-08-19;0.075218;yahoo;2026-10-03
ALZR11;2022-09-19;0.543576;yahoo;2026-10-03
ALZR11;2022-10-19;0.076524;yahoo;2026-10-03
ALZR11;2022-11-21;0.074561;yahoo;2026-10-03
ALZR11;2022-12-19;0.069786;yahoo;2026-10-03
ALZR11;2023-01-19;0.075387;yahoo;2026-10-03
ALZR11;2023-02-16;0.077492;yahoo;2026-10-03
ALZR11;2023-03-20;0.078473;yahoo;2026-10-03
ALZR11;2023-04-18;0.078473;yahoo;2026-10-03
ALZR11;2023-05-19;0.080063;yahoo;2026-10-03
ALZR11;2023-07-19;0.08097;yahoo;2026-10-03
ALZR11;2023-08-21;0.08097;yahoo;2026-10-03
ALZR11;2023-09-19;0.08097;yahoo;2026-10-03
ALZR11;2023-10-19;0.08097;yahoo;2026-10-03
ALZR11;2023-11-20;0.080872;yahoo;2026-10-03
ALZR11;2023-12-18;0.08097;yahoo;2026-10-03
ALZR11;2024-01-19;0.078276;yahoo;2026-10-03
ALZR11;2024-02-19;0.078276;yahoo;2026-10-03
ALZR11;2024-03-19;0.078276;yahoo;2026-10-03
ALZR11;2024-04-19;0.075668;yahoo;2026-10-03
ALZR11;2024-05-20;0.073142;yahoo;2026-10-03
ALZR11;2024-06-19;0.07298;yahoo;2026-10-03
ALZR11;2024-07-19;0.07083;yahoo;2026-10-03
ALZR11;2024-08-19;0.075485;yahoo;2026-10-03
ALZR11;2024-09-19;0.07431;yahoo;2026-10-03
ALZR11;2024-10-21;0.072944;yahoo;2026-10-03
ALZR11;2024-11-18;0.077229;yahoo;2026-10-03
ALZR11;2024-12-17;0.080268;yahoo;2026-10-03
ALZR11;2025-01-20;0.080268;yahoo;2026-10-03
ALZR11;2025-02-19;0.080268;yahoo;2026-10-03
ALZR11;2025-03-19;0.080268;yahoo;2026-10-03
ALZR11;2025-04-17;0.081265;yahoo;2026-10-03
ALZR11;2025-05-19;0.081265;yahoo;2026-10-03
ALZR11;2025-06-18;0.081265;yahoo;2026-10-03
ALZR11;2025-07-21;0.093372;yahoo;2026-10-03
ALZR11;2025-08-19;0.082261;yahoo;2026-10-03
ALZR11;2025-09-19;0.083258;yahoo;2026-10-03
ALZR11;2025-10-20;0.083258;yahoo;2026-10-03
ALZR11;2025-11-18;0.083258;yahoo;2026-10-03
ALZR11;2025-12-17;0.083258;yahoo;2026-10-03
ALZR11;2026-01-19;0.0851;yahoo;2026-10-03
ALZR11;2026-02-19;0.08355;yahoo;2026-10-03
ALZR11;2026-03-19;0.08355;yahoo;2026-10-03
ALZR11;2026-04-17;0.08355;yahoo;2026-10-03
ALZR11;2026-05-19;0.08355;yahoo;2026-10-03
ALZR11;2026-06-19;0.08355;yahoo;2026-10-03
ALZR11;2026-07-20;0.08355;yahoo;2026-10-03
ALZR11;2026-08-19;0.084;yahoo;2026-10-03
ALZR11;2026-09-21;0.084;yahoo;2026-10-03
BCIA11;2017-11-01;0.7;yahoo;2026-10-03
BCIA11;2017-12-01;0.7;yahoo;2026-10-03
BCIA11;2022-04-01;0.68;yahoo;2026-10-03
BCIA11;2022-05-02;0.71;yahoo;2026-10-03
BCIA11;2022-06-01;0.74;yahoo;2026-10-03
BCIA11;2022-07-01;0.74;yahoo;2026-10-03
BCIA11;2022-08-01;0.74;yahoo;2026-10-03
BCIA11;2022-09-01;0.74;yahoo;2026-10-03
BCIA11;2022-10-03;0.76;yahoo;2026-10-03
BCIA11;2022-11-01;0.76;yahoo;2026-10-03
BCIA11;2022-12-01;0.76;yahoo;2026-10-03
BCIA11;2023-01-02;0.76;yahoo;2026-10-03
BCIA11;2023-02-01;0.76;yahoo;2026-10-03
BCIA11;2023-03-01;0.78;yahoo;2026-10-03
BCIA11;2023-04-03;0.78;yahoo;2026-10-03
BCIA11;2023-05-02;0.78;yahoo;2026-10-03
BCIA11;2023-06-01;0.8;yahoo;2026-10-03
BCIA11;2023-07-03;0.8;yahoo;2026-10-03
BCIA11;2023-08-01;0.82;yahoo;2026-10-03
BCIA11;2023-09-01;0.83;yahoo;2026-10-03
BCIA11;2023-10-02;0.85;yahoo;2026-10-03
BCIA11;2023-11-01;0.85;yahoo;2026-10-03
BCIA11;2023-12-01;0.85;yahoo;2026-10-03
BCIA11;2024-01-02;0.85;yahoo;2026-10-03
BCIA11;2024-02-01;0.85;yahoo;2026-10-03
BCIA11;2024-03-01;0.87;yahoo;2026-10-03
BCIA11;2024-04-01;0.87;yahoo;2026-10-03
BCIA11;2024-05-02;0.87;yahoo;2026-10-03
BCIA11;2024-06-03;0.87;yahoo;2026-10-03
BCIA11;2024-07-01;0.87;yahoo;2026-10-03
BCIA11;2024-08-01;0.87;yahoo;2026-10-03
BCIA11;2024-09-02;0.87;yahoo;2026-10-03
BCIA11;2024-10-01;0.87;yahoo;2026-10-03
BCIA11;2024-11-01;0.84;yahoo;2026-10-03
BCIA11;2024-12-02;0.84;yahoo;2026-10-03
BCIA11;2025-01-02;0.95;yahoo;2026-10-03
BCIA11;2025-02-03;0.84;yahoo;2026-10-03
BCIA11;2025-03-05;0.84;yahoo;2026-10-03
BCIA11;2025-04-01;0.84;yahoo;2026-10-03
BCIA11;2025-05-02;0.84;yahoo;2026-10-03
BCIA11;2025-06-02;0.84;yahoo;2026-10-03
BCIA11;2025-07-01;0.84;yahoo;2026-10-03
BCIA11;2025-08-01;0.84;yahoo;2026-10-03
BCIA11;2025-09-01;0.84;yahoo;2026-10-03
BCIA11;2025-10-01;0.84;yahoo;2026-10-03
BCIA11;2025-11-03;0.86;yahoo;2026-10-03
BCIA11;2025-12-01;0.86;yahoo;2026-10-03
BCIA11;2026-01-02;0.86;yahoo;2026-10-03
BCIA11;2026-02-02;0.86;yahoo;2026-10-03
BCIA11;2026-03-02;0.86;yahoo;2026-10-03
BCIA11;2026-04-01;0.86;yahoo;2026-10-03
BCIA11;2026-05-04;0.86;yahoo;2026-10-03
BCIA11;2026-06-01;0.86;yahoo;2026-10-03
BCIA11;2026-07-01;0.97;yahoo;2026-10-03
BCIA11;2026-08-03;0.86;yahoo;2026-10-03
BCIA11;2026-09-01;0.86;yahoo;2026-10-03
BCIA11;2026-10-01;0.86;yahoo;2026-10-03
BRCO11;2022-04-01;0.629828;yahoo;2026-10-03
BRCO11;2022-05-02;0.629828;yahoo;2026-10-03
BRCO11;2022-06-01;0.649822;yahoo;2026-10-03
BRCO11;2022-07-01;0.769789;yahoo;2026-10-03
BRCO11;2022-08-01;0.649822;yahoo;2026-10-03
BRCO11;2022-09-01;0.699809;yahoo;2026-10-03
BRCO11;2022-10-03;0.699809;yahoo;2026-10-03
BRCO11;2022-11-01;0.699809;yahoo;2026-10-03
BRCO11;2022-12-01;0.699809;yahoo;2026-10-03
BRCO11;2023-01-02;0.649822;yahoo;2026-10-03
BRCO11;2023-02-01;0.61983;yahoo;2026-10-03
BRCO11;2023-03-01;0.61983;yahoo;2026-10-03
BRCO11;2023-04-03;0.61983;yahoo;2026-10-03
BRCO11;2023-05-02;0.61983;yahoo;2026-10-03
BRCO11;2023-05-12;0.61983;yahoo;2026-10-03
BRCO11;2023-06-01;0.749795;yahoo;2026-10-03
BRCO11;2023-07-03;0.869762;yahoo;2026-10-03
BRCO11;2023-08-01;0.869762;yahoo;2026-10-03
BRCO11;2023-09-01;0.869762;yahoo;2026-10-03
BRCO11;2023-10-02;0.869762;yahoo;2026-10-03
BRCO11;2023-11-01;0.899754;yahoo;2026-10-03
BRCO11;2023-12-01;0.94974;yahoo;2026-10-03
BRCO11;2024-01-02;0.989729;yahoo;2026-10-03
BRCO11;2024-02-01;0.869762;yahoo;2026-10-03
BRCO11;2024-03-01;0.869762;yahoo;2026-10-03
BRCO11;2024-04-01;0.87;yahoo;2026-10-03
BRCO11;2024-05-02;0.87;yahoo;2026-10-03
BRCO11;2024-06-03;0.87;yahoo;2026-10-03
BRCO11;2024-07-01;0.87;yahoo;2026-10-03
BRCO11;2024-08-01;0.87;yahoo;2026-10-03
BRCO11;2024-09-02;0.87;yahoo;2026-10-03
BRCO11;2024-10-01;0.87;yahoo;2026-10-03
BRCO11;2024-11-01;0.87;yahoo;2026-10-03
BRCO11;2024-12-02;0.87;yahoo;2026-10-03
BRCO11;2025-01-02;0.87;yahoo;2026-10-03
BRCO11;2025-02-03;0.87;yahoo;2026-10-03
BRCO11;2025-03-05;0.87;yahoo;2026-10-03
BRCO11;2025-04-01;0.87;yahoo;2026-10-03
BRCO11;2025-05-02;0.87;yahoo;2026-10-03
BRCO11;2025-06-02;0.87;yahoo;2026-10-03
BRCO11;2025-07-01;1.05;yahoo;2026-10-03
BRCO11;2025-08-01;0.87;yahoo;2026-10-03
BRCO11;2025-09-01;0.87;yahoo;2026-10-03
BRCO11;2025-10-01;0.87;yahoo;2026-10-03
BRCO11;2025-11-03;0.87;yahoo;2026-10-03
BRCO11;2025-12-01;0.87;yahoo;2026-10-03
BRCO11;2026-01-02;0.87;yahoo;2026-10-03
BRCO11;2026-02-02;0.87;yahoo;2026-10-03
BRCO11;2026-03-02;0.92;yahoo;2026-10-03
BRCO11;2026-04-01;0.92;yahoo;2026-10-03
BRCO11;2026-05-04;0.95;yahoo;2026-10-03
BRCO11;2026-06-01;0.95;yahoo;2026-10-03
BRCO11;2026-07-01;1.05;yahoo;2026-10-03
BRCO11;2026-08-03;0.91;yahoo;2026-10-03
BRCO11;2026-09-01;0.91;yahoo;2026-10-03
BTLG11;2017-10-17;0.330043;yahoo;2026-10-03
BTLG11;2017-11-17;0.315382;yahoo;2026-10-03
BTLG11;2022-04-18;0.710581;yahoo;2026-10-03
BTLG11;2022-05-16;0.710581;yahoo;2026-10-03
BTLG11;2022-06-17;0.710581;yahoo;2026-10-03
BTLG11;2022-07-18;0.809272;yahoo;2026-10-03
BTLG11;2022-08-16;0.730319;yahoo;2026-10-03
BTLG11;2022-09-16;0.730319;yahoo;2026-10-03
BTLG11;2022-10-17;0.730319;yahoo;2026-10-03
BTLG11;2022-11-16;0.730319;yahoo;2026-10-03
BTLG11;2022-12-16;0.730319;yahoo;2026-10-03
BTLG11;2023-01-16;0.730319;yahoo;2026-10-03
BTLG11;2023-02-16;0.730319;yahoo;2026-10-03
BTLG11;2023-03-16;0.730319;yahoo;2026-10-03
BTLG11;2023-04-17;0.730319;yahoo;2026-10-03
BTLG11;2023-05-16;0.730319;yahoo;2026-10-03
BTLG11;2023-06-16;0.730319;yahoo;2026-10-03
BTLG11;2023-07-17;0.750057;yahoo;2026-10-03
BTLG11;2023-08-16;0.75638;yahoo;2026-10-03
BTLG11;2023-09-18;0.75638;yahoo;2026-10-03
BTLG11;2023-10-16;0.75638;yahoo;2026-10-03
BTLG11;2023-11-16;0.75638;yahoo;2026-10-03
BTLG11;2023-12-18;0.75638;yahoo;2026-10-03
BTLG11;2024-01-16;0.806142;yahoo;2026-10-03
BTLG11;2024-02-16;0.778175;yahoo;2026-10-03
BTLG11;2024-03-18;0.758222;yahoo;2026-10-03
BTLG11;2024-04-16;0.758222;yahoo;2026-10-03
BTLG11;2024-05-16;0.758222;yahoo;2026-10-03
BTLG11;2024-06-17;0.758222;yahoo;2026-10-03
BTLG11;2024-07-16;0.758222;yahoo;2026-10-03
BTLG11;2024-08-16;0.758222;yahoo;2026-10-03
BTLG11;2024-09-16;0.778175;yahoo;2026-10-03
BTLG11;2024-10-16;0.778175;yahoo;2026-10-03
BTLG11;2024-11-18;0.778175;yahoo;2026-10-03
BTLG11;2024-12-16;0.778175;yahoo;2026-10-03
BTLG11;2025-01-16;0.86616;yahoo;2026-10-03
BTLG11;2025-02-17;0.778175;yahoo;2026-10-03
BTLG11;2025-03-17;0.778175;yahoo;2026-10-03
BTLG11;2025-04-16;0.778175;yahoo;2026-10-03
BTLG11;2025-05-16;0.778175;yahoo;2026-10-03
BTLG11;2025-06-16;0.778175;yahoo;2026-10-03
BTLG11;2025-07-16;0.778275;yahoo;2026-10-03
BTLG11;2025-08-18;0.778175;yahoo;2026-10-03
BTLG11;2025-09-16;0.788152;yahoo;2026-10-03
BTLG11;2025-10-16;0.788152;yahoo;2026-10-03
BTLG11;2025-11-17;0.788152;yahoo;2026-10-03
BTLG11;2025-12-16;0.788152;yahoo;2026-10-03
BTLG11;2026-01-16;0.788152;yahoo;2026-10-03
BTLG11;2026-02-18;0.798128;yahoo;2026-10-03
BTLG11;2026-03-16;0.798128;yahoo;2026-10-03
BTLG11;2026-04-16;0.808105;yahoo;2026-10-03
BTLG11;2026-05-18;0.81;yahoo;2026-10-03
BTLG11;2026-06-16;0.81;yahoo;2026-10-03
BTLG11;2026-07-16;0.81;yahoo;2026-10-03
BTLG11;2026-08-17;0.81;yahoo;2026-10-03
BTLG11;2026-09-16;0.81;yahoo;2026-10-03
CPTS11;2017-11-01;0.074148;yahoo;2026-10-03
CPTS11;2017-12-01;0.084034;yahoo;2026-10-03
CPTS11;2022-04-13;0.11;yahoo;2026-10-03
CPTS11;2022-05-12;0.108;yahoo;2026-10-03
CPTS11;2022-06-13;0.112;yahoo;2026-10-03
CPTS11;2022-07-13;0.11;yahoo;2026-10-03
CPTS11;2022-08-11;0.11;yahoo;2026-10-03
CPTS11;2022-09-14;0.11;yahoo;2026-10-03
CPTS11;2022-11-14;0.085;yahoo;2026-10-03
CPTS11;2022-12-13;0.037;yahoo;2026-10-03
CPTS11;2023-01-12;0.058;yahoo;2026-10-03
CPTS11;2023-02-13;0.075;yahoo;2026-10-03
CPTS11;2023-03-13;0.076;yahoo;2026-10-03
CPTS11;2023-04-14;0.071;yahoo;2026-10-03
CPTS11;2023-05-12;0.081;yahoo;2026-10-03
CPTS11;2023-06-14;0.085;yahoo;2026-10-03
CPTS11;2023-07-14;0.088;yahoo;2026-10-03
CPTS11;2023-08-11;0.089;yahoo;2026-10-03
CPTS11;2023-09-14;0.079;yahoo;2026-10-03
CPTS11;2023-10-13;0.054;yahoo;2026-10-03
CPTS11;2023-11-14;0.061;yahoo;2026-10-03
CPTS11;2023-12-13;0.061;yahoo;2026-10-03
CPTS11;2024-01-12;0.065;yahoo;2026-10-03
CPTS11;2024-02-15;0.07;yahoo;2026-10-03
CPTS11;2024-03-13;0.076;yahoo;2026-10-03
CPTS11;2024-04-11;0.079;yahoo;2026-10-03
CPTS11;2024-05-14;0.08;yahoo;2026-10-03
CPTS11;2024-06-13;0.078;yahoo;2026-10-03
CPTS11;2024-07-11;0.077;yahoo;2026-10-03
CPTS11;2024-08-13;0.081;yahoo;2026-10-03
CPTS11;2024-09-12;0.081;yahoo;2026-10-03
CPTS11;2024-10-11;0.072;yahoo;2026-10-03
CPTS11;2024-11-13;0.062;yahoo;2026-10-03
CPTS11;2024-12-12;0.075;yahoo;2026-10-03
CPTS11;2025-01-14;0.075;yahoo;2026-10-03
CPTS11;2025-02-13;0.075;yahoo;2026-10-03
CPTS11;2025-03-17;0.08;yahoo;2026-10-03
CPTS11;2025-04-11;0.082;yahoo;2026-10-03
CPTS11;2025-05-14;0.085;yahoo;2026-10-03
CPTS11;2025-06-12;0.087;yahoo;2026-10-03
CPTS11;2025-07-11;0.088;yahoo;2026-10-03
CPTS11;2025-08-13;0.086;yahoo;2026-10-03
CPTS11;2025-09-11;0.085;yahoo;2026-10-03
CPTS11;2025-10-13;0.09;yahoo;2026-10-03
CPTS11;2025-11-13;0.09;yahoo;2026-10-03
CPTS11;2025-12-11;0.09;yahoo;2026-10-03
CPTS11;2026-01-14;0.09;yahoo;2026-10-03
CPTS11;2026-02-12;0.09;yahoo;2026-10-03
CPTS11;2026-03-12;0.09;yahoo;2026-10-03
CPTS11;2026-04-14;0.09;yahoo;2026-10-03
CPTS11;2026-05-14;0.09;yahoo;2026-10-03
CPTS11;2026-06-16;0.09;yahoo;2026-10-03
CPTS11;2026-07-15;0.09;yahoo;2026-10-03
CPTS11;2026-08-17;0.09;yahoo;2026-10-03
CPTS11;2026-09-16;0.09;yahoo;2026-10-03
GGRC11;2017-11-03;0.078668;yahoo;2026-10-03
GGRC11;2017-12-04;0.083111;yahoo;2026-10-03
GGRC11;2022-04-04;0.087069;yahoo;2026-10-03
GGRC11;2022-05-03;0.089048;yahoo;2026-10-03
GGRC11;2022-07-04;0.093006;yahoo;2026-10-03
GGRC11;2022-08-02;0.08509;yahoo;2026-10-03
GGRC11;2022-09-02;0.089048;yahoo;2026-10-03
GGRC11;2022-10-04;0.100921;yahoo;2026-10-03
GGRC11;2022-11-03;0.106857;yahoo;2026-10-03
GGRC11;2022-12-02;0.10141;yahoo;2026-10-03
GGRC11;2023-01-03;0.094451;yahoo;2026-10-03
GGRC11;2023-02-02;0.094451;yahoo;2026-10-03
GGRC11;2023-03-02;0.094451;yahoo;2026-10-03
GGRC11;2023-04-04;0.099422;yahoo;2026-10-03
GGRC11;2023-05-03;0.10141;yahoo;2026-10-03
GGRC11;2023-06-02;0.104393;yahoo;2026-10-03
GGRC11;2023-07-04;0.104393;yahoo;2026-10-03
GGRC11;2023-08-02;0.094451;yahoo;2026-10-03
GGRC11;2023-09-04;0.094859;yahoo;2026-10-03
GGRC11;2023-10-03;0.094859;yahoo;2026-10-03
GGRC11;2023-11-03;0.092862;yahoo;2026-10-03
GGRC11;2023-12-04;0.091863;yahoo;2026-10-03
GGRC11;2024-01-03;0.089866;yahoo;2026-10-03
GGRC11;2024-02-02;0.089866;yahoo;2026-10-03
GGRC11;2024-03-04;0.089866;yahoo;2026-10-03
GGRC11;2024-04-02;0.089866;yahoo;2026-10-03
GGRC11;2024-05-03;0.09;yahoo;2026-10-03
GGRC11;2024-06-04;0.09;yahoo;2026-10-03
GGRC11;2024-07-02;0.093;yahoo;2026-10-03
GGRC11;2024-08-02;0.091;yahoo;2026-10-03
GGRC11;2024-09-03;0.091;yahoo;2026-10-03
GGRC11;2024-10-02;0.1;yahoo;2026-10-03
GGRC11;2024-11-04;0.1;yahoo;2026-10-03
GGRC11;2024-12-03;0.1;yahoo;2026-10-03
GGRC11;2025-01-03;0.095;yahoo;2026-10-03
GGRC11;2025-02-04;0.095;yahoo;2026-10-03
GGRC11;2025-03-06;0.1;yahoo;2026-10-03
GGRC11;2025-04-02;0.1;yahoo;2026-10-03
GGRC11;2025-05-05;0.1;yahoo;2026-10-03
GGRC11;2025-06-03;0.1;yahoo;2026-10-03
GGRC11;2025-07-02;0.105;yahoo;2026-10-03
GGRC11;2025-08-04;0.1;yahoo;2026-10-03
GGRC11;2025-09-02;0.1;yahoo;2026-10-03
GGRC11;2025-11-04;0.1;yahoo;2026-10-03
GGRC11;2025-12-02;0.1;yahoo;2026-10-03
GGRC11;2026-01-05;0.1;yahoo;2026-10-03
GGRC11;2026-02-03;0.1;yahoo;2026-10-03
GGRC11;2026-03-03;0.1;yahoo;2026-10-03
GGRC11;2026-04-02;0.1;yahoo;2026-10-03
GGRC11;2026-05-05;0.1;yahoo;2026-10-03
GGRC11;2026-06-02;0.1;yahoo;2026-10-03
GGRC11;2026-07-02;0.1;yahoo;2026-10-03
GGRC11;2026-08-04;0.1;yahoo;2026-10-03
GGRC11;2026-09-02;0.1;yahoo;2026-10-03
HGBS11;2017-11-01;0.09994;yahoo;2026-10-03
HGBS11;2017-12-01;0.102939;yahoo;2026-10-03
HGBS11;2022-04-01;0.114931;yahoo;2026-10-03
HGBS11;2022-05-02;0.119928;yahoo;2026-10-03
HGBS11;2022-06-01;0.124925;yahoo;2026-10-03
HGBS11;2022-08-01;0.129922;yahoo;2026-10-03
HGBS11;2022-09-01;0.129922;yahoo;2026-10-03
HGBS11;2022-10-03;0.134919;yahoo;2026-10-03
HGBS11;2022-11-01;0.134919;yahoo;2026-10-03
HGBS11;2022-12-01;0.139916;yahoo;2026-10-03
HGBS11;2023-01-02;0.139916;yahoo;2026-10-03
HGBS11;2023-02-01;0.139916;yahoo;2026-10-03
HGBS11;2023-03-01;0.139916;yahoo;2026-10-03
HGBS11;2023-04-03;0.139916;yahoo;2026-10-03
HGBS11;2023-05-02;0.144913;yahoo;2026-10-03
HGBS11;2023-06-01;0.144913;yahoo;2026-10-03
HGBS11;2023-07-03;0.144913;yahoo;2026-10-03
HGBS11;2023-08-01;0.154907;yahoo;2026-10-03
HGBS11;2023-09-01;0.2;yahoo;2026-10-03
HGBS11;2023-10-02;0.2;yahoo;2026-10-03
HGBS11;2023-11-01;0.2;yahoo;2026-10-03
HGBS11;2023-12-01;0.2;yahoo;2026-10-03
HGBS11;2024-01-02;0.2;yahoo;2026-10-03
HGBS11;2024-02-01;0.175;yahoo;2026-10-03
HGBS11;2024-03-01;0.175;yahoo;2026-10-03
HGBS11;2024-04-01;0.175;yahoo;2026-10-03
HGBS11;2024-05-02;0.175;yahoo;2026-10-03
HGBS11;2024-06-03;0.175;yahoo;2026-10-03
HGBS11;2024-07-01;0.175;yahoo;2026-10-03
HGBS11;2024-08-01;0.16;yahoo;2026-10-03
HGBS11;2024-09-02;0.16;yahoo;2026-10-03
HGBS11;2024-10-01;0.16;yahoo;2026-10-03
HGBS11;2024-11-01;0.16;yahoo;2026-10-03
HGBS11;2024-12-02;0.16;yahoo;2026-10-03
HGBS11;2025-01-02;0.16;yahoo;2026-10-03
HGBS11;2025-02-03;0.16;yahoo;2026-10-03
HGBS11;2025-03-05;0.16;yahoo;2026-10-03
HGBS11;2025-04-01;0.16;yahoo;2026-10-03
HGBS11;2025-05-02;0.16;yahoo;2026-10-03
HGBS11;2025-06-02;0.16;yahoo;2026-10-03
HGBS11;2025-07-01;0.16;yahoo;2026-10-03
HGBS11;2025-08-01;0.15;yahoo;2026-10-03
HGBS11;2025-09-01;0.15;yahoo;2026-10-03
HGBS11;2025-10-01;0.15;yahoo;2026-10-03
HGBS11;2025-11-03;0.15;yahoo;2026-10-03
HGBS11;2025-12-01;0.15;yahoo;2026-10-03
HGBS11;2026-01-02;0.15;yahoo;2026-10-03
HGBS11;2026-02-02;0.16;yahoo;2026-10-03
HGBS11;2026-03-02;0.17;yahoo;2026-10-03
HGBS11;2026-04-01;0.17;yahoo;2026-10-03
HGBS11;2026-05-04;0.17;yahoo;2026-10-03
HGBS11;2026-06-01;0.17;yahoo;2026-10-03
HGBS11;2026-07-01;0.17;yahoo;2026-10-03
HGBS11;2026-08-03;0.17;yahoo;2026-10-03
HGBS11;2026-09-01;0.17;yahoo;2026-10-03
HGCR11;2017-11-01;0.728827;yahoo;2026-10-03
HGCR11;2017-12-01;0.728827;yahoo;2026-10-03
HGCR11;2022-04-01;1.049721;yahoo;2026-10-03
HGCR11;2022-05-02;1.099708;yahoo;2026-10-03
HGCR11;2022-06-01;1.149695;yahoo;2026-10-03
HGCR11;2022-07-01;1.199682;yahoo;2026-10-03
HGCR11;2022-08-01;1.199682;yahoo;2026-10-03
HGCR11;2022-09-01;1.199682;yahoo;2026-10-03
HGCR11;2022-10-03;1.2;yahoo;2026-10-03
HGCR11;2022-11-01;1.2;yahoo;2026-10-03
HGCR11;2022-12-01;1.2;yahoo;2026-10-03
HGCR11;2023-01-02;1.2;yahoo;2026-10-03
HGCR11;2023-02-01;1.2;yahoo;2026-10-03
HGCR11;2023-03-01;1.2;yahoo;2026-10-03
HGCR11;2023-04-03;1.2;yahoo;2026-10-03
HGCR11;2023-05-02;1.2;yahoo;2026-10-03
HGCR11;2023-06-01;1.2;yahoo;2026-10-03
HGCR11;2023-07-03;1.2;yahoo;2026-10-03
HGCR11;2023-08-01;1.1;yahoo;2026-10-03
HGCR11;2023-09-01;1.1;yahoo;2026-10-03
HGCR11;2023-10-02;1.1;yahoo;2026-10-03
HGCR11;2023-11-01;1.0;yahoo;2026-10-03
HGCR11;2023-12-01;1.0;yahoo;2026-10-03
HGCR11;2024-01-02;1.0;yahoo;2026-10-03
HGCR11;2024-02-01;0.95;yahoo;2026-10-03
HGCR11;2024-03-01;0.95;yahoo;2026-10-03
HGCR11;2024-04-01;0.95;yahoo;2026-10-03
HGCR11;2024-05-02;0.95;yahoo;2026-10-03
HGCR11;2024-06-03;0.95;yahoo;2026-10-03
HGCR11;2024-07-01;0.95;yahoo;2026-10-03
HGCR11;2024-08-01;0.95;yahoo;2026-10-03
HGCR11;2024-09-02;0.95;yahoo;2026-10-03
HGCR11;2024-10-01;0.95;yahoo;2026-10-03
HGCR11;2024-11-01;0.95;yahoo;2026-10-03
HGCR11;2024-12-02;0.95;yahoo;2026-10-03
HGCR11;2025-01-02;0.95;yahoo;2026-10-03
HGCR11;2025-02-03;1.05;yahoo;2026-10-03
HGCR11;2025-03-05;1.05;yahoo;2026-10-03
HGCR11;2025-04-01;1.05;yahoo;2026-10-03
HGCR11;2025-05-02;1.05;yahoo;2026-10-03
HGCR11;2025-06-02;1.05;yahoo;2026-10-03
HGCR11;2025-07-01;1.05;yahoo;2026-10-03
HGCR11;2025-08-01;1.05;yahoo;2026-10-03
HGCR11;2025-09-01;1.05;yahoo;2026-10-03
HGCR11;2025-10-01;1.05;yahoo;2026-10-03
HGCR11;2025-11-03;1.0;yahoo;2026-10-03
HGCR11;2025-12-01;1.0;yahoo;2026-10-03
HGCR11;2026-01-02;1.0;yahoo;2026-10-03
HGCR11;2026-02-02;0.95;yahoo;2026-10-03
HGCR11;2026-03-02;0.95;yahoo;2026-10-03
HGCR11;2026-04-01;0.95;yahoo;2026-10-03
HGCR11;2026-05-04;0.95;yahoo;2026-10-03
HGCR11;2026-06-01;0.95;yahoo;2026-10-03
HGCR11;2026-07-01;0.95;yahoo;2026-10-03
HGCR11;2026-08-03;1.0;yahoo;2026-10-03
HGCR11;2026-09-01;1.0;yahoo;2026-10-03
HGLG11;2017-11-01;0.854361;yahoo;2026-10-03
HGLG11;2017-12-01;0.854361;yahoo;2026-10-03
HGLG11;2022-04-01;1.080226;yahoo;2026-10-03
HGLG11;2022-05-02;1.08619;yahoo;2026-10-03
HGLG11;2022-06-01;1.08619;yahoo;2026-10-03
HGLG11;2022-07-01;3.25857;yahoo;2026-10-03
HGLG11;2022-08-01;1.08619;yahoo;2026-10-03
HGLG11;2022-09-01;1.08619;yahoo;2026-10-03
HGLG11;2022-10-03;1.08619;yahoo;2026-10-03
HGLG11;2022-11-01;1.08619;yahoo;2026-10-03
HGLG11;2022-12-01;1.08619;yahoo;2026-10-03
HGLG11;2023-01-02;2.17238;yahoo;2026-10-03
HGLG11;2023-02-01;1.08619;yahoo;2026-10-03
HGLG11;2023-03-01;1.08619;yahoo;2026-10-03
HGLG11;2023-04-03;1.08619;yahoo;2026-10-03
HGLG11;2023-05-02;1.08619;yahoo;2026-10-03
HGLG11;2023-06-01;1.1;yahoo;2026-10-03
HGLG11;2023-07-03;1.5;yahoo;2026-10-03
HGLG11;2023-08-01;1.1;yahoo;2026-10-03
HGLG11;2023-09-01;1.1;yahoo;2026-10-03
HGLG11;2023-10-02;1.1;yahoo;2026-10-03
HGLG11;2023-11-01;1.1;yahoo;2026-10-03
HGLG11;2023-12-01;1.1;yahoo;2026-10-03
HGLG11;2024-01-02;1.1;yahoo;2026-10-03
HGLG11;2024-02-01;1.1;yahoo;2026-10-03
HGLG11;2024-03-01;1.1;yahoo;2026-10-03
HGLG11;2024-04-01;1.1;yahoo;2026-10-03
HGLG11;2024-05-02;1.1;yahoo;2026-10-03
HGLG11;2024-06-03;1.1;yahoo;2026-10-03
HGLG11;2024-07-01;1.1;yahoo;2026-10-03
HGLG11;2024-08-01;1.1;yahoo;2026-10-03
HGLG11;2024-09-02;1.1;yahoo;2026-10-03
HGLG11;2024-10-01;1.1;yahoo;2026-10-03
HGLG11;2024-11-01;1.1;yahoo;2026-10-03
HGLG11;2024-12-02;1.1;yahoo;2026-10-03
HGLG11;2025-01-02;1.1;yahoo;2026-10-03
HGLG11;2025-02-03;1.1;yahoo;2026-10-03
HGLG11;2025-03-05;1.1;yahoo;2026-10-03
HGLG11;2025-04-01;1.1;yahoo;2026-10-03
HGLG11;2025-05-02;1.1;yahoo;2026-10-03
HGLG11;2025-06-02;1.1;yahoo;2026-10-03
HGLG11;2025-07-01;1.1;yahoo;2026-10-03
HGLG11;2025-08-01;1.1;yahoo;2026-10-03
HGLG11;2025-09-01;1.1;yahoo;2026-10-03
HGLG11;2025-10-01;1.1;yahoo;2026-10-03
HGLG11;2025-11-03;1.1;yahoo;2026-10-03
HGLG11;2025-12-01;1.1;yahoo;2026-10-03
HGLG11;2026-01-02;1.1;yahoo;2026-10-03
HGLG11;2026-02-02;1.1;yahoo;2026-10-03
HGLG11;2026-03-02;1.1;yahoo;2026-10-03
HGLG11;2026-04-01;1.1;yahoo;2026-10-03
HGLG11;2026-05-04;1.1;yahoo;2026-10-03
HGLG11;2026-06-01;1.1;yahoo;2026-10-03
HGLG11;2026-07-01;1.1;yahoo;2026-10-03
HGLG11;2026-08-03;1.17;yahoo;2026-10-03
HGLG11;2026-09-01;1.17;yahoo;2026-10-03
HGRE11;2017-11-01;0.94;yahoo;2026-10-03
HGRE11;2017-12-01;0.94;yahoo;2026-10-03
HGRE11;2022-04-01;0.69;yahoo;2026-10-03
HGRE11;2022-05-02;0.78;yahoo;2026-10-03
HGRE11;2022-06-01;0.78;yahoo;2026-10-03
HGRE11;2022-07-01;0.78;yahoo;2026-10-03
HGRE11;2022-08-01;0.78;yahoo;2026-10-03
HGRE11;2022-09-01;0.78;yahoo;2026-10-03
HGRE11;2022-10-03;0.78;yahoo;2026-10-03
HGRE11;2022-11-01;0.78;yahoo;2026-10-03
HGRE11;2022-12-01;0.78;yahoo;2026-10-03
HGRE11;2023-01-02;1.1;yahoo;2026-10-03
HGRE11;2023-02-01;0.78;yahoo;2026-10-03
HGRE11;2023-03-01;0.78;yahoo;2026-10-03
HGRE11;2023-04-03;0.78;yahoo;2026-10-03
HGRE11;2023-05-02;0.78;yahoo;2026-10-03
HGRE11;2023-06-01;0.78;yahoo;2026-10-03
HGRE11;2023-07-03;1.4;yahoo;2026-10-03
HGRE11;2023-08-01;0.78;yahoo;2026-10-03
HGRE11;2023-09-01;0.78;yahoo;2026-10-03
HGRE11;2023-10-02;0.78;yahoo;2026-10-03
HGRE11;2023-11-01;0.78;yahoo;2026-10-03
HGRE11;2023-12-01;0.78;yahoo;2026-10-03
HGRE11;2024-01-02;1.2;yahoo;2026-10-03
HGRE11;2024-02-01;0.78;yahoo;2026-10-03
HGRE11;2024-03-01;0.78;yahoo;2026-10-03
HGRE11;2024-04-01;0.78;yahoo;2026-10-03
HGRE11;2024-05-02;0.78;yahoo;2026-10-03
HGRE11;2024-06-03;0.78;yahoo;2026-10-03
HGRE11;2024-07-01;1.5;yahoo;2026-10-03
HGRE11;2024-08-01;0.78;yahoo;2026-10-03
HGRE11;2024-09-02;0.78;yahoo;2026-10-03
HGRE11;2024-10-01;0.78;yahoo;2026-10-03
HGRE11;2024-11-01;0.78;yahoo;2026-10-03
HGRE11;2024-12-02;0.78;yahoo;2026-10-03
HGRE11;2025-01-02;0.78;yahoo;2026-10-03
HGRE11;2025-02-03;0.85;yahoo;2026-10-03
HGRE11;2025-03-05;0.85;yahoo;2026-10-03
HGRE11;2025-04-01;0.85;yahoo;2026-10-03
HGRE11;2025-05-02;0.85;yahoo;2026-10-03
HGRE11;2025-06-02;0.85;yahoo;2026-10-03
HGRE11;2025-07-01;2.55;yahoo;2026-10-03
HGRE11;2025-08-01;0.85;yahoo;2026-10-03
HGRE11;2025-09-01;0.85;yahoo;2026-10-03
HGRE11;2025-10-01;0.85;yahoo;2026-10-03
HGRE11;2025-11-03;0.85;yahoo;2026-10-03
HGRE11;2025-12-01;0.85;yahoo;2026-10-03
HGRE11;2026-01-02;1.5;yahoo;2026-10-03
HGRE11;2026-02-02;0.85;yahoo;2026-10-03
HGRE11;2026-03-02;0.85;yahoo;2026-10-03
HGRE11;2026-04-01;0.85;yahoo;2026-10-03
HGRE11;2026-05-04;0.85;yahoo;2026-10-03
HGRE11;2026-06-01;0.85;yahoo;2026-10-03
HGRE11;2026-07-01;1.5;yahoo;2026-10-03
HGRE11;2026-08-03;0.85;yahoo;2026-10-03
HGRE11;2026-09-01;0.85;yahoo;2026-10-03
HGRU11;2022-04-01;0.812065;yahoo;2026-10-03
HGRU11;2022-05-02;0.812065;yahoo;2026-10-03
HGRU11;2022-06-01;0.812065;yahoo;2026-10-03
HGRU11;2022-07-01;1.188388;yahoo;2026-10-03
HGRU11;2022-08-01;0.812065;yahoo;2026-10-03
HGRU11;2022-09-01;0.812065;yahoo;2026-10-03
HGRU11;2022-10-03;0.812065;yahoo;2026-10-03
HGRU11;2022-11-01;0.812065;yahoo;2026-10-03
HGRU11;2022-12-01;0.812065;yahoo;2026-10-03
HGRU11;2023-01-02;1.980646;yahoo;2026-10-03
HGRU11;2023-02-01;0.812065;yahoo;2026-10-03
HGRU11;2023-03-01;0.841775;yahoo;2026-10-03
HGRU11;2023-04-03;0.841775;yahoo;2026-10-03
HGRU11;2023-05-02;0.841775;yahoo;2026-10-03
HGRU11;2023-06-01;0.841775;yahoo;2026-10-03
HGRU11;2023-07-03;1.386452;yahoo;2026-10-03
HGRU11;2023-08-01;0.841775;yahoo;2026-10-03
HGRU11;2023-09-01;0.841775;yahoo;2026-10-03
HGRU11;2023-10-02;0.841775;yahoo;2026-10-03
HGRU11;2023-11-01;0.841775;yahoo;2026-10-03
HGRU11;2023-12-01;0.841775;yahoo;2026-10-03
HGRU11;2024-01-02;2.277743;yahoo;2026-10-03
HGRU11;2024-02-01;0.841775;yahoo;2026-10-03
HGRU11;2024-03-01;0.841775;yahoo;2026-10-03
HGRU11;2024-04-01;0.841775;yahoo;2026-10-03
HGRU11;2024-05-02;0.841775;yahoo;2026-10-03
HGRU11;2024-06-03;0.841775;yahoo;2026-10-03
HGRU11;2024-07-01;1.237904;yahoo;2026-10-03
HGRU11;2024-08-01;0.84932;yahoo;2026-10-03
HGRU11;2024-09-02;0.84932;yahoo;2026-10-03
HGRU11;2024-10-01;0.84932;yahoo;2026-10-03
HGRU11;2024-11-01;0.89928;yahoo;2026-10-03
HGRU11;2024-12-02;0.89928;yahoo;2026-10-03
HGRU11;2025-01-02;1.89848;yahoo;2026-10-03
HGRU11;2025-02-03;0.89928;yahoo;2026-10-03
HGRU11;2025-03-05;0.89928;yahoo;2026-10-03
HGRU11;2025-04-01;0.89928;yahoo;2026-10-03
HGRU11;2025-05-02;0.89928;yahoo;2026-10-03
HGRU11;2025-06-02;0.89928;yahoo;2026-10-03
HGRU11;2025-07-01;1.54876;yahoo;2026-10-03
HGRU11;2025-08-01;0.94924;yahoo;2026-10-03
HGRU11;2025-09-01;0.94924;yahoo;2026-10-03
HGRU11;2025-10-01;0.94924;yahoo;2026-10-03
HGRU11;2025-11-03;0.94924;yahoo;2026-10-03
HGRU11;2026-01-02;1.44884;yahoo;2026-10-03
HGRU11;2026-02-02;0.94924;yahoo;2026-10-03
HGRU11;2026-03-02;0.94924;yahoo;2026-10-03
HGRU11;2026-04-01;0.94924;yahoo;2026-10-03
HGRU11;2026-05-04;0.94924;yahoo;2026-10-03
HGRU11;2026-06-01;0.95;yahoo;2026-10-03
HGRU11;2026-07-01;0.95;yahoo;2026-10-03
HGRU11;2026-08-03;0.95;yahoo;2026-10-03
HGRU11;2026-09-01;0.95;yahoo;2026-10-03
HSML11;2022-04-01;0.59826;yahoo;2026-10-03
HSML11;2022-05-02;0.59826;yahoo;2026-10-03
HSML11;2022-06-01;0.618202;yahoo;2026-10-03
HSML11;2022-07-01;0.648115;yahoo;2026-10-03
HSML11;2022-08-01;0.648115;yahoo;2026-10-03
HSML11;2022-09-01;0.668057;yahoo;2026-10-03
HSML11;2022-10-03;0.678028;yahoo;2026-10-03
HSML11;2022-11-01;0.678028;yahoo;2026-10-03
HSML11;2022-12-01;0.678028;yahoo;2026-10-03
HSML11;2023-01-02;0.69797;yahoo;2026-10-03
HSML11;2023-02-01;0.69797;yahoo;2026-10-03
HSML11;2023-03-01;0.737854;yahoo;2026-10-03
HSML11;2023-04-03;0.737854;yahoo;2026-10-03
HSML11;2023-05-02;0.737854;yahoo;2026-10-03
HSML11;2023-06-01;0.737854;yahoo;2026-10-03
HSML11;2023-07-03;0.737854;yahoo;2026-10-03
HSML11;2023-08-01;0.737854;yahoo;2026-10-03
HSML11;2023-09-01;0.737854;yahoo;2026-10-03
HSML11;2023-10-02;0.737854;yahoo;2026-10-03
HSML11;2023-11-01;0.737854;yahoo;2026-10-03
HSML11;2023-12-01;0.737854;yahoo;2026-10-03
HSML11;2024-01-02;0.757796;yahoo;2026-10-03
HSML11;2024-02-01;0.76;yahoo;2026-10-03
HSML11;2024-03-01;0.8;yahoo;2026-10-03
HSML11;2024-04-01;0.8;yahoo;2026-10-03
HSML11;2024-05-02;0.8;yahoo;2026-10-03
HSML11;2024-06-03;0.8;yahoo;2026-10-03
HSML11;2024-07-01;0.8;yahoo;2026-10-03
HSML11;2024-08-01;0.8;yahoo;2026-10-03
HSML11;2024-09-02;0.8;yahoo;2026-10-03
HSML11;2024-10-01;0.8;yahoo;2026-10-03
HSML11;2024-11-01;0.8;yahoo;2026-10-03
HSML11;2024-12-02;0.8;yahoo;2026-10-03
HSML11;2025-01-02;0.8;yahoo;2026-10-03
HSML11;2025-02-03;0.65;yahoo;2026-10-03
HSML11;2025-03-05;0.65;yahoo;2026-10-03
HSML11;2025-04-01;0.65;yahoo;2026-10-03
HSML11;2025-05-02;0.65;yahoo;2026-10-03
HSML11;2025-06-02;0.65;yahoo;2026-10-03
HSML11;2025-07-01;0.65;yahoo;2026-10-03
HSML11;2025-08-01;0.66;yahoo;2026-10-03
HSML11;2025-09-01;0.67;yahoo;2026-10-03
HSML11;2025-10-01;0.68;yahoo;2026-10-03
HSML11;2025-11-03;0.7;yahoo;2026-10-03
HSML11;2025-12-01;0.7;yahoo;2026-10-03
HSML11;2026-01-02;0.7;yahoo;2026-10-03
HSML11;2026-02-02;0.7;yahoo;2026-10-03
HSML11;2026-03-02;0.7;yahoo;2026-10-03
HSML11;2026-04-01;0.7;yahoo;2026-10-03
HSML11;2026-05-04;0.71;yahoo;2026-10-03
HSML11;2026-06-01;0.75;yahoo;2026-10-03
HSML11;2026-07-01;0.75;yahoo;2026-10-03
HSML11;2026-08-03;0.75;yahoo;2026-10-03
HSML11;2026-09-01;0.75;yahoo;2026-10-03
KNCR11;2017-11-01;0.665723;yahoo;2026-10-03
KNCR11;2017-12-01;0.625979;yahoo;2026-10-03
KNCR11;2022-04-01;0.993617;yahoo;2026-10-03
KNCR11;2022-05-02;0.963808;yahoo;2026-10-03
KNCR11;2022-06-01;1.073106;yahoo;2026-10-03
KNCR11;2022-07-01;1.043298;yahoo;2026-10-03
KNCR11;2022-08-01;1.033362;yahoo;2026-10-03
KNCR11;2022-09-01;1.291702;yahoo;2026-10-03
KNCR11;2022-10-03;1.19234;yahoo;2026-10-03
KNCR11;2022-11-01;1.092979;yahoo;2026-10-03
KNCR11;2022-12-01;1.092979;yahoo;2026-10-03
KNCR11;2023-01-02;1.19234;yahoo;2026-10-03
KNCR11;2023-02-01;1.19234;yahoo;2026-10-03
KNCR11;2023-03-01;0.993617;yahoo;2026-10-03
KNCR11;2023-04-03;1.212213;yahoo;2026-10-03
KNCR11;2023-05-02;0.993617;yahoo;2026-10-03
KNCR11;2023-06-01;1.232085;yahoo;2026-10-03
KNCR11;2023-07-03;1.142659;yahoo;2026-10-03
KNCR11;2023-08-01;1.142659;yahoo;2026-10-03
KNCR11;2023-09-01;1.19234;yahoo;2026-10-03
KNCR11;2023-10-02;1.092979;yahoo;2026-10-03
KNCR11;2023-11-01;1.102915;yahoo;2026-10-03
KNCR11;2023-12-01;1.003553;yahoo;2026-10-03
KNCR11;2024-01-02;1.003553;yahoo;2026-10-03
KNCR11;2024-02-01;1.06317;yahoo;2026-10-03
KNCR11;2024-03-01;0.943936;yahoo;2026-10-03
KNCR11;2024-04-01;0.943936;yahoo;2026-10-03
KNCR11;2024-05-02;0.993617;yahoo;2026-10-03
KNCR11;2024-06-03;0.995266;yahoo;2026-10-03
KNCR11;2024-07-01;0.995266;yahoo;2026-10-03
KNCR11;2024-08-01;0.945503;yahoo;2026-10-03
KNCR11;2024-09-02;0.945503;yahoo;2026-10-03
KNCR11;2024-10-01;0.945503;yahoo;2026-10-03
KNCR11;2024-11-01;1.016463;yahoo;2026-10-03
KNCR11;2024-12-02;0.946706;yahoo;2026-10-03
KNCR11;2025-01-02;0.996533;yahoo;2026-10-03
KNCR11;2025-02-03;1.06629;yahoo;2026-10-03
KNCR11;2025-03-05;1.06629;yahoo;2026-10-03
KNCR11;2025-04-01;1.036394;yahoo;2026-10-03
KNCR11;2025-05-02;1.155978;yahoo;2026-10-03
KNCR11;2025-06-02;1.195839;yahoo;2026-10-03
KNCR11;2025-07-01;1.195839;yahoo;2026-10-03
KNCR11;2025-08-01;1.345319;yahoo;2026-10-03
KNCR11;2025-09-01;1.345319;yahoo;2026-10-03
KNCR11;2025-10-01;1.349261;yahoo;2026-10-03
KNCR11;2025-11-03;1.329272;yahoo;2026-10-03
KNCR11;2025-12-01;1.109392;yahoo;2026-10-03
KNCR11;2026-01-02;1.299288;yahoo;2026-10-03
KNCR11;2026-02-02;1.199343;yahoo;2026-10-03
KNCR11;2026-03-02;0.999452;yahoo;2026-10-03
KNCR11;2026-04-01;1.14937;yahoo;2026-10-03
KNCR11;2026-05-04;1.099398;yahoo;2026-10-03
KNCR11;2026-06-01;1.099398;yahoo;2026-10-03
KNCR11;2026-07-01;1.099398;yahoo;2026-10-03
KNCR11;2026-08-03;1.249315;yahoo;2026-10-03
KNCR11;2026-09-01;1.14937;yahoo;2026-10-03
KNIP11;2017-11-01;0.64;yahoo;2026-10-03
KNIP11;2017-12-01;0.77;yahoo;2026-10-03
KNIP11;2022-04-01;1.35;yahoo;2026-10-03
KNIP11;2022-05-02;1.7;yahoo;2026-10-03
KNIP11;2022-06-01;1.7;yahoo;2026-10-03
KNIP11;2022-07-01;1.5;yahoo;2026-10-03
KNIP11;2022-08-01;1.04;yahoo;2026-10-03
KNIP11;2022-09-01;0.58;yahoo;2026-10-03
KNIP11;2022-10-03;0.35;yahoo;2026-10-03
KNIP11;2022-11-01;0.3;yahoo;2026-10-03
KNIP11;2022-12-01;0.5;yahoo;2026-10-03
KNIP11;2023-01-02;0.94;yahoo;2026-10-03
KNIP11;2023-02-01;1.0;yahoo;2026-10-03
KNIP11;2023-03-01;0.91;yahoo;2026-10-03
KNIP11;2023-04-03;1.05;yahoo;2026-10-03
KNIP11;2023-05-02;1.0;yahoo;2026-10-03
KNIP11;2023-06-01;1.0;yahoo;2026-10-03
KNIP11;2023-07-03;0.8;yahoo;2026-10-03
KNIP11;2023-08-01;0.52;yahoo;2026-10-03
KNIP11;2023-09-01;0.5;yahoo;2026-10-03
KNIP11;2023-10-02;0.6;yahoo;2026-10-03
KNIP11;2023-11-01;0.7;yahoo;2026-10-03
KNIP11;2023-12-01;0.7;yahoo;2026-10-03
KNIP11;2024-01-02;0.75;yahoo;2026-10-03
KNIP11;2024-02-01;0.86;yahoo;2026-10-03
KNIP11;2024-03-01;0.95;yahoo;2026-10-03
KNIP11;2024-04-01;1.05;yahoo;2026-10-03
KNIP11;2024-05-02;1.05;yahoo;2026-10-03
KNIP11;2024-06-03;0.8;yahoo;2026-10-03
KNIP11;2024-07-01;0.85;yahoo;2026-10-03
KNIP11;2024-08-01;0.87;yahoo;2026-10-03
KNIP11;2024-09-02;0.76;yahoo;2026-10-03
KNIP11;2024-10-01;0.75;yahoo;2026-10-03
KNIP11;2024-11-01;0.7;yahoo;2026-10-03
KNIP11;2024-12-02;0.9;yahoo;2026-10-03
KNIP11;2025-01-02;1.0;yahoo;2026-10-03
KNIP11;2025-02-03;0.95;yahoo;2026-10-03
KNIP11;2025-03-05;0.9;yahoo;2026-10-03
KNIP11;2025-04-01;1.1;yahoo;2026-10-03
KNIP11;2025-05-02;1.25;yahoo;2026-10-03
KNIP11;2025-06-02;1.04;yahoo;2026-10-03
KNIP11;2025-07-01;0.8;yahoo;2026-10-03
KNIP11;2025-08-01;0.8;yahoo;2026-10-03
KNIP11;2025-09-01;0.7;yahoo;2026-10-03
KNIP11;2025-10-01;0.6;yahoo;2026-10-03
KNIP11;2025-11-03;0.62;yahoo;2026-10-03
KNIP11;2025-12-01;0.72;yahoo;2026-10-03
KNIP11;2026-01-02;0.7;yahoo;2026-10-03
KNIP11;2026-02-02;0.7;yahoo;2026-10-03
KNIP11;2026-03-02;0.65;yahoo;2026-10-03
KNIP11;2026-04-01;1.05;yahoo;2026-10-03
KNIP11;2026-05-04;1.1;yahoo;2026-10-03
KNIP11;2026-06-01;1.25;yahoo;2026-10-03
KNIP11;2026-07-01;1.12;yahoo;2026-10-03
KNIP11;2026-08-03;0.95;yahoo;2026-10-03
KNIP11;2026-09-01;0.65;yahoo;2026-10-03
KNRI11;2017-11-01;0.917056;yahoo;2026-10-03
KNRI11;2017-12-01;0.917056;yahoo;2026-10-03
KNRI11;2022-04-01;0.807408;yahoo;2026-10-03
KNRI11;2022-05-02;0.837312;yahoo;2026-10-03
KNRI11;2022-06-01;0.837312;yahoo;2026-10-03
KNRI11;2022-07-01;0.837312;yahoo;2026-10-03
KNRI11;2022-08-01;0.907088;yahoo;2026-10-03
KNRI11;2022-09-01;0.907088;yahoo;2026-10-03
KNRI11;2022-10-03;0.907088;yahoo;2026-10-03
KNRI11;2022-11-01;0.907088;yahoo;2026-10-03
KNRI11;2022-12-01;0.907088;yahoo;2026-10-03
KNRI11;2023-01-02;0.996801;yahoo;2026-10-03
KNRI11;2023-02-01;0.907088;yahoo;2026-10-03
KNRI11;2023-03-01;0.946961;yahoo;2026-10-03
KNRI11;2023-04-03;0.946961;yahoo;2026-10-03
KNRI11;2023-05-02;0.946961;yahoo;2026-10-03
KNRI11;2023-06-01;0.946961;yahoo;2026-10-03
KNRI11;2023-07-03;1.505169;yahoo;2026-10-03
KNRI11;2023-08-01;0.946961;yahoo;2026-10-03
KNRI11;2023-09-01;0.946961;yahoo;2026-10-03
KNRI11;2023-10-02;0.996801;yahoo;2026-10-03
KNRI11;2023-11-01;0.996801;yahoo;2026-10-03
KNRI11;2023-12-01;0.996801;yahoo;2026-10-03
KNRI11;2024-01-02;0.996801;yahoo;2026-10-03
KNRI11;2024-02-01;0.996801;yahoo;2026-10-03
KNRI11;2024-03-01;0.996801;yahoo;2026-10-03
KNRI11;2024-04-01;1.0;yahoo;2026-10-03
KNRI11;2024-05-02;1.0;yahoo;2026-10-03
KNRI11;2024-06-03;1.0;yahoo;2026-10-03
KNRI11;2024-07-01;1.0;yahoo;2026-10-03
KNRI11;2024-08-01;1.0;yahoo;2026-10-03
KNRI11;2024-09-02;1.0;yahoo;2026-10-03
KNRI11;2024-10-01;1.0;yahoo;2026-10-03
KNRI11;2024-11-01;1.0;yahoo;2026-10-03
KNRI11;2024-12-02;1.0;yahoo;2026-10-03
KNRI11;2025-01-02;1.0;yahoo;2026-10-03
KNRI11;2025-02-03;1.0;yahoo;2026-10-03
KNRI11;2025-03-05;1.0;yahoo;2026-10-03
KNRI11;2025-04-01;1.0;yahoo;2026-10-03
KNRI11;2025-05-02;1.0;yahoo;2026-10-03
KNRI11;2025-06-02;1.0;yahoo;2026-10-03
KNRI11;2025-07-01;1.0;yahoo;2026-10-03
KNRI11;2025-08-01;1.0;yahoo;2026-10-03
KNRI11;2025-09-01;1.0;yahoo;2026-10-03
KNRI11;2025-10-01;1.0;yahoo;2026-10-03
KNRI11;2025-11-03;1.0;yahoo;2026-10-03
KNRI11;2025-12-01;1.0;yahoo;2026-10-03
KNRI11;2026-01-02;1.25;yahoo;2026-10-03
KNRI11;2026-02-02;0.88;yahoo;2026-10-03
KNRI11;2026-03-02;1.1;yahoo;2026-10-03
KNRI11;2026-04-01;1.1;yahoo;2026-10-03
KNRI11;2026-05-04;1.1;yahoo;2026-10-03
KNRI11;2026-06-01;1.1;yahoo;2026-10-03
KNRI11;2026-07-01;1.38;yahoo;2026-10-03
KNRI11;2026-08-03;1.1;yahoo;2026-10-03
KNRI11;2026-09-01;1.1;yahoo;2026-10-03
KNSC11;2022-04-01;0.111521;yahoo;2026-10-03
KNSC11;2022-05-02;0.113513;yahoo;2026-10-03
KNSC11;2022-06-01;0.134423;yahoo;2026-10-03
KNSC11;2022-07-01;0.108534;yahoo;2026-10-03
KNSC11;2022-08-01;0.090611;yahoo;2026-10-03
KNSC11;2022-09-01;0.069701;yahoo;2026-10-03
KNSC11;2022-10-03;0.049786;yahoo;2026-10-03
KNSC11;2022-11-01;0.051778;yahoo;2026-10-03
KNSC11;2022-12-01;0.07468;yahoo;2026-10-03
KNSC11;2023-01-02;0.093598;yahoo;2026-10-03
KNSC11;2023-02-01;0.103556;yahoo;2026-10-03
KNSC11;2023-03-01;0.086628;yahoo;2026-10-03
KNSC11;2023-04-03;0.104551;yahoo;2026-10-03
KNSC11;2023-05-02;0.094594;yahoo;2026-10-03
KNSC11;2023-06-01;0.104551;yahoo;2026-10-03
KNSC11;2023-07-03;0.079658;yahoo;2026-10-03
KNSC11;2023-08-01;0.069701;yahoo;2026-10-03
KNSC11;2023-09-01;0.079658;yahoo;2026-10-03
KNSC11;2023-10-02;0.07468;yahoo;2026-10-03
KNSC11;2023-11-01;0.079658;yahoo;2026-10-03
KNSC11;2023-12-01;0.069701;yahoo;2026-10-03
KNSC11;2024-01-02;0.069701;yahoo;2026-10-03
KNSC11;2024-02-01;0.079658;yahoo;2026-10-03
KNSC11;2024-03-01;0.079658;yahoo;2026-10-03
KNSC11;2024-04-01;0.089615;yahoo;2026-10-03
KNSC11;2024-05-02;0.089615;yahoo;2026-10-03
KNSC11;2024-06-03;0.079658;yahoo;2026-10-03
KNSC11;2024-07-01;0.089615;yahoo;2026-10-03
KNSC11;2024-08-01;0.089615;yahoo;2026-10-03
KNSC11;2024-09-02;0.089816;yahoo;2026-10-03
KNSC11;2024-10-01;0.089816;yahoo;2026-10-03
KNSC11;2024-11-01;0.079836;yahoo;2026-10-03
KNSC11;2024-12-02;0.079836;yahoo;2026-10-03
KNSC11;2025-01-02;0.089816;yahoo;2026-10-03
KNSC11;2025-02-03;0.099795;yahoo;2026-10-03
KNSC11;2025-03-05;0.089816;yahoo;2026-10-03
KNSC11;2025-04-01;0.099795;yahoo;2026-10-03
KNSC11;2025-05-02;0.109775;yahoo;2026-10-03
KNSC11;2025-06-02;0.099795;yahoo;2026-10-03
KNSC11;2025-07-01;0.089816;yahoo;2026-10-03
KNSC11;2025-08-01;0.099795;yahoo;2026-10-03
KNSC11;2025-09-01;0.089816;yahoo;2026-10-03
KNSC11;2025-10-01;0.099795;yahoo;2026-10-03
KNSC11;2025-11-03;0.089816;yahoo;2026-10-03
KNSC11;2025-12-01;0.089816;yahoo;2026-10-03
KNSC11;2026-01-02;0.089816;yahoo;2026-10-03
KNSC11;2026-02-02;0.089816;yahoo;2026-10-03
KNSC11;2026-03-02;0.079836;yahoo;2026-10-03
KNSC11;2026-04-01;0.109775;yahoo;2026-10-03
KNSC11;2026-05-04;0.099795;yahoo;2026-10-03
KNSC11;2026-06-01;0.099795;yahoo;2026-10-03
KNSC11;2026-07-01;0.099795;yahoo;2026-10-03
KNSC11;2026-08-03;0.11;yahoo;2026-10-03
KNSC11;2026-09-01;0.09;yahoo;2026-10-03
MCCI11;2022-04-13;0.997338;yahoo;2026-10-03
MCCI11;2022-05-12;0.997338;yahoo;2026-10-03
MCCI11;2022-06-13;1.097072;yahoo;2026-10-03
MCCI11;2022-07-13;1.097072;yahoo;2026-10-03
MCCI11;2022-08-11;1.097072;yahoo;2026-10-03
MCCI11;2022-09-14;1.097072;yahoo;2026-10-03
MCCI11;2022-10-14;1.097072;yahoo;2026-10-03
MCCI11;2022-11-14;1.1;yahoo;2026-10-03
MCCI11;2022-12-13;1.1;yahoo;2026-10-03
MCCI11;2023-01-12;1.15;yahoo;2026-10-03
MCCI11;2023-02-13;0.95;yahoo;2026-10-03
MCCI11;2023-03-13;0.95;yahoo;2026-10-03
MCCI11;2023-04-14;0.95;yahoo;2026-10-03
MCCI11;2023-05-12;0.95;yahoo;2026-10-03
MCCI11;2023-06-14;0.95;yahoo;2026-10-03
MCCI11;2023-07-13;0.95;yahoo;2026-10-03
MCCI11;2023-08-11;0.9;yahoo;2026-10-03
MCCI11;2023-09-14;0.9;yahoo;2026-10-03
MCCI11;2023-10-13;0.9;yahoo;2026-10-03
MCCI11;2023-11-14;0.9;yahoo;2026-10-03
MCCI11;2023-12-13;0.9;yahoo;2026-10-03
MCCI11;2024-01-12;0.9;yahoo;2026-10-03
MCCI11;2024-02-15;0.8;yahoo;2026-10-03
MCCI11;2024-03-13;0.8;yahoo;2026-10-03
MCCI11;2024-04-11;0.8;yahoo;2026-10-03
MCCI11;2024-05-14;0.8;yahoo;2026-10-03
MCCI11;2024-06-13;0.8;yahoo;2026-10-03
MCCI11;2024-07-11;0.8;yahoo;2026-10-03
MCCI11;2024-08-13;0.8;yahoo;2026-10-03
MCCI11;2024-09-12;0.8;yahoo;2026-10-03
MCCI11;2024-10-11;0.8;yahoo;2026-10-03
MCCI11;2024-11-13;0.8;yahoo;2026-10-03
MCCI11;2024-12-12;0.8;yahoo;2026-10-03
MCCI11;2025-01-14;0.8;yahoo;2026-10-03
MCCI11;2025-02-13;0.9;yahoo;2026-10-03
MCCI11;2025-03-17;0.9;yahoo;2026-10-03
MCCI11;2025-04-11;0.9;yahoo;2026-10-03
MCCI11;2025-05-14;0.9;yahoo;2026-10-03
MCCI11;2025-06-12;0.9;yahoo;2026-10-03
MCCI11;2025-07-11;0.9;yahoo;2026-10-03
MCCI11;2025-08-13;1.0;yahoo;2026-10-03
MCCI11;2025-09-11;1.0;yahoo;2026-10-03
MCCI11;2025-10-13;1.0;yahoo;2026-10-03
MCCI11;2025-11-13;1.0;yahoo;2026-10-03
MCCI11;2025-12-11;1.0;yahoo;2026-10-03
MCCI11;2026-01-14;1.0;yahoo;2026-10-03
MCCI11;2026-02-12;1.0;yahoo;2026-10-03
MCCI11;2026-03-12;1.0;yahoo;2026-10-03
MCCI11;2026-04-14;1.0;yahoo;2026-10-03
MCCI11;2026-05-14;1.0;yahoo;2026-10-03
MCCI11;2026-06-12;1.0;yahoo;2026-10-03
MCCI11;2026-07-13;1.0;yahoo;2026-10-03
MCCI11;2026-08-13;1.0;yahoo;2026-10-03
MCCI11;2026-09-14;1.0;yahoo;2026-10-03
MXRF11;2017-11-01;0.059028;yahoo;2026-10-03
MXRF11;2017-12-01;0.059028;yahoo;2026-10-03
MXRF11;2022-05-02;0.108219;yahoo;2026-10-03
MXRF11;2022-06-01;0.108219;yahoo;2026-10-03
MXRF11;2022-07-01;0.098381;yahoo;2026-10-03
MXRF11;2022-08-01;0.118057;yahoo;2026-10-03
MXRF11;2022-09-01;0.108219;yahoo;2026-10-03
MXRF11;2022-10-03;0.098381;yahoo;2026-10-03
MXRF11;2022-11-01;0.098381;yahoo;2026-10-03
MXRF11;2022-12-01;0.078704;yahoo;2026-10-03
MXRF11;2023-01-02;0.098381;yahoo;2026-10-03
MXRF11;2023-02-01;0.108219;yahoo;2026-10-03
MXRF11;2023-03-01;0.118057;yahoo;2026-10-03
MXRF11;2023-04-03;0.118057;yahoo;2026-10-03
MXRF11;2023-05-02;0.118057;yahoo;2026-10-03
MXRF11;2023-06-01;0.118057;yahoo;2026-10-03
MXRF11;2023-07-03;0.118814;yahoo;2026-10-03
MXRF11;2023-08-01;0.118814;yahoo;2026-10-03
MXRF11;2023-09-01;0.108913;yahoo;2026-10-03
MXRF11;2023-10-02;0.108913;yahoo;2026-10-03
MXRF11;2023-11-01;0.108913;yahoo;2026-10-03
MXRF11;2023-12-01;0.109744;yahoo;2026-10-03
MXRF11;2024-01-02;0.109744;yahoo;2026-10-03
MXRF11;2024-02-01;0.099767;yahoo;2026-10-03
MXRF11;2024-03-01;0.099767;yahoo;2026-10-03
MXRF11;2024-04-01;0.099767;yahoo;2026-10-03
MXRF11;2024-05-02;0.099767;yahoo;2026-10-03
MXRF11;2024-06-03;0.099767;yahoo;2026-10-03
MXRF11;2024-07-01;0.099922;yahoo;2026-10-03
MXRF11;2024-08-01;0.099922;yahoo;2026-10-03
MXRF11;2024-09-02;0.08993;yahoo;2026-10-03
MXRF11;2024-10-01;0.08993;yahoo;2026-10-03
MXRF11;2024-11-01;0.08993;yahoo;2026-10-03
MXRF11;2024-12-02;0.099922;yahoo;2026-10-03
MXRF11;2025-01-02;0.099922;yahoo;2026-10-03
MXRF11;2025-02-03;0.08993;yahoo;2026-10-03
MXRF11;2025-03-05;0.08993;yahoo;2026-10-03
MXRF11;2025-04-01;0.08993;yahoo;2026-10-03
MXRF11;2025-05-02;0.099922;yahoo;2026-10-03
MXRF11;2025-06-02;0.099922;yahoo;2026-10-03
MXRF11;2025-07-01;0.099922;yahoo;2026-10-03
MXRF11;2025-08-01;0.099922;yahoo;2026-10-03
MXRF11;2025-09-01;0.099922;yahoo;2026-10-03
MXRF11;2025-10-01;0.099922;yahoo;2026-10-03
MXRF11;2025-11-03;0.099922;yahoo;2026-10-03
MXRF11;2025-12-01;0.099922;yahoo;2026-10-03
MXRF11;2026-01-02;0.099922;yahoo;2026-10-03
MXRF11;2026-02-02;0.099922;yahoo;2026-10-03
MXRF11;2026-03-02;0.099922;yahoo;2026-10-03
MXRF11;2026-04-01;0.094926;yahoo;2026-10-03
MXRF11;2026-05-04;0.099922;yahoo;2026-10-03
MXRF11;2026-06-01;0.099922;yahoo;2026-10-03
MXRF11;2026-07-01;0.1;yahoo;2026-10-03
MXRF11;2026-08-03;0.1;yahoo;2026-10-03
MXRF11;2026-09-01;0.1;yahoo;2026-10-03
PCIP11;2022-04-11;1.119873;yahoo;2026-10-03
PCIP11;2022-05-10;1.5;yahoo;2026-10-03
PCIP11;2022-06-10;1.55;yahoo;2026-10-03
PCIP11;2022-07-11;1.3;yahoo;2026-10-03
PCIP11;2022-08-09;1.0;yahoo;2026-10-03
PCIP11;2022-09-12;0.76;yahoo;2026-10-03
PCIP11;2022-10-11;0.66;yahoo;2026-10-03
PCIP11;2022-11-10;0.66;yahoo;2026-10-03
PCIP11;2022-12-09;0.75;yahoo;2026-10-03
PCIP11;2023-01-10;1.1;yahoo;2026-10-03
PCIP11;2023-02-09;1.1;yahoo;2026-10-03
PCIP11;2023-03-09;1.0;yahoo;2026-10-03
PCIP11;2023-04-12;1.05;yahoo;2026-10-03
PCIP11;2023-05-10;1.05;yahoo;2026-10-03
PCIP11;2023-07-11;1.05;yahoo;2026-10-03
PCIP11;2023-08-09;0.85;yahoo;2026-10-03
PCIP11;2023-09-12;0.9;yahoo;2026-10-03
PCIP11;2023-10-10;0.7;yahoo;2026-10-03
PCIP11;2023-11-10;0.75;yahoo;2026-10-03
PCIP11;2023-12-11;0.8;yahoo;2026-10-03
PCIP11;2024-01-10;0.85;yahoo;2026-10-03
PCIP11;2024-02-09;1.05;yahoo;2026-10-03
PCIP11;2024-03-11;0.95;yahoo;2026-10-03
PCIP11;2024-04-09;1.08;yahoo;2026-10-03
PCIP11;2024-05-10;1.11;yahoo;2026-10-03
PCIP11;2024-06-11;0.85;yahoo;2026-10-03
PCIP11;2024-07-09;0.88;yahoo;2026-10-03
PCIP11;2024-08-09;0.97;yahoo;2026-10-03
PCIP11;2024-09-10;0.86;yahoo;2026-10-03
PCIP11;2024-10-09;0.78;yahoo;2026-10-03
PCIP11;2024-11-11;0.9;yahoo;2026-10-03
PCIP11;2024-12-10;0.9;yahoo;2026-10-03
PCIP11;2025-01-10;1.05;yahoo;2026-10-03
PCIP11;2025-02-11;1.05;yahoo;2026-10-03
PCIP11;2025-03-14;1.05;yahoo;2026-10-03
PCIP11;2025-04-09;1.05;yahoo;2026-10-03
PCIP11;2025-05-12;1.05;yahoo;2026-10-03
PCIP11;2025-06-10;1.05;yahoo;2026-10-03
PCIP11;2025-07-09;1.05;yahoo;2026-10-03
PCIP11;2025-08-11;1.05;yahoo;2026-10-03
PCIP11;2025-09-09;1.05;yahoo;2026-10-03
PCIP11;2025-11-11;0.9;yahoo;2026-10-03
PCIP11;2025-12-09;0.83;yahoo;2026-10-03
PCIP11;2026-01-12;0.88;yahoo;2026-10-03
PCIP11;2026-02-10;0.83;yahoo;2026-10-03
PCIP11;2026-03-10;0.8;yahoo;2026-10-03
PCIP11;2026-04-10;0.85;yahoo;2026-10-03
PCIP11;2026-05-12;0.89;yahoo;2026-10-03
PCIP11;2026-06-10;0.89;yahoo;2026-10-03
PCIP11;2026-07-09;1.07;yahoo;2026-10-03
PCIP11;2026-08-11;1.0;yahoo;2026-10-03
PCIP11;2026-09-10;0.8;yahoo;2026-10-03
PVBI11;2024-02-01;0.7;yahoo;2026-10-03
PVBI11;2024-03-01;0.65;yahoo;2026-10-03
PVBI11;2024-04-01;0.65;yahoo;2026-10-03
PVBI11;2024-05-02;0.65;yahoo;2026-10-03
PVBI11;2024-06-03;0.65;yahoo;2026-10-03
PVBI11;2024-07-01;0.65;yahoo;2026-10-03
PVBI11;2024-08-01;0.65;yahoo;2026-10-03
PVBI11;2024-09-02;0.65;yahoo;2026-10-03
PVBI11;2024-10-01;0.55;yahoo;2026-10-03
PVBI11;2024-11-01;0.55;yahoo;2026-10-03
PVBI11;2024-12-02;0.55;yahoo;2026-10-03
PVBI11;2025-01-02;0.55;yahoo;2026-10-03
PVBI11;2025-02-03;0.55;yahoo;2026-10-03
PVBI11;2025-03-05;0.5;yahoo;2026-10-03
PVBI11;2025-04-01;0.5;yahoo;2026-10-03
PVBI11;2025-05-02;0.5;yahoo;2026-10-03
PVBI11;2025-06-02;0.5;yahoo;2026-10-03
PVBI11;2025-07-01;0.5;yahoo;2026-10-03
PVBI11;2025-08-01;0.5;yahoo;2026-10-03
PVBI11;2025-09-01;0.45;yahoo;2026-10-03
PVBI11;2025-10-01;0.45;yahoo;2026-10-03
PVBI11;2025-11-03;0.45;yahoo;2026-10-03
PVBI11;2025-12-01;0.45;yahoo;2026-10-03
PVBI11;2026-01-02;0.45;yahoo;2026-10-03
PVBI11;2026-02-02;0.45;yahoo;2026-10-03
PVBI11;2026-03-02;0.45;yahoo;2026-10-03
PVBI11;2026-04-01;0.4;yahoo;2026-10-03
PVBI11;2026-05-04;0.4;yahoo;2026-10-03
PVBI11;2026-06-01;0.4;yahoo;2026-10-03
PVBI11;2026-07-01;0.4;yahoo;2026-10-03
PVBI11;2026-08-03;0.4;yahoo;2026-10-03
PVBI11;2026-09-01;0.37;yahoo;2026-10-03
RBRR11;2022-04-12;1.195247;yahoo;2026-10-03
RBRR11;2022-05-11;1.195247;yahoo;2026-10-03
RBRR11;2022-06-10;1.2;yahoo;2026-10-03
RBRR11;2022-07-12;1.266;yahoo;2026-10-03
RBRR11;2022-08-08;1.1;yahoo;2026-10-03
RBRR11;2022-10-13;0.7;yahoo;2026-10-03
RBRR11;2022-11-11;0.7;yahoo;2026-10-03
RBRR11;2022-12-12;0.7;yahoo;2026-10-03
RBRR11;2023-01-11;0.904016;yahoo;2026-10-03
RBRR11;2023-02-08;0.95;yahoo;2026-10-03
RBRR11;2023-03-10;0.95;yahoo;2026-10-03
RBRR11;2023-04-13;1.0;yahoo;2026-10-03
RBRR11;2023-05-11;1.0;yahoo;2026-10-03
RBRR11;2023-06-13;1.0;yahoo;2026-10-03
RBRR11;2023-07-12;0.8;yahoo;2026-10-03
RBRR11;2023-08-10;0.7;yahoo;2026-10-03
RBRR11;2023-09-13;0.65;yahoo;2026-10-03
RBRR11;2023-10-11;0.65;yahoo;2026-10-03
RBRR11;2023-11-13;0.65;yahoo;2026-10-03
RBRR11;2023-12-12;0.65;yahoo;2026-10-03
RBRR11;2024-01-11;0.68;yahoo;2026-10-03
RBRR11;2024-02-08;0.8;yahoo;2026-10-03
RBRR11;2024-03-12;0.84;yahoo;2026-10-03
RBRR11;2024-04-10;0.85;yahoo;2026-10-03
RBRR11;2024-05-13;0.85;yahoo;2026-10-03
RBRR11;2024-06-12;0.85;yahoo;2026-10-03
RBRR11;2024-07-10;0.961;yahoo;2026-10-03
RBRR11;2024-08-12;0.85;yahoo;2026-10-03
RBRR11;2024-09-11;0.85;yahoo;2026-10-03
RBRR11;2024-10-10;0.8;yahoo;2026-10-03
RBRR11;2024-11-12;0.8;yahoo;2026-10-03
RBRR11;2024-12-11;0.8;yahoo;2026-10-03
RBRR11;2025-01-13;0.82;yahoo;2026-10-03
RBRR11;2025-02-10;0.9;yahoo;2026-10-03
RBRR11;2025-03-14;0.95;yahoo;2026-10-03
RBRR11;2025-04-10;0.95;yahoo;2026-10-03
RBRR11;2025-05-13;1.0;yahoo;2026-10-03
RBRR11;2025-06-11;0.9;yahoo;2026-10-03
RBRR11;2025-07-10;1.0;yahoo;2026-10-03
RBRR11;2025-08-12;0.95;yahoo;2026-10-03
RBRR11;2025-09-10;0.85;yahoo;2026-10-03
RBRR11;2025-10-10;0.8;yahoo;2026-10-03
RBRR11;2025-11-12;0.7;yahoo;2026-10-03
RBRR11;2025-12-10;0.8;yahoo;2026-10-03
RBRR11;2026-01-13;0.8;yahoo;2026-10-03
RBRR11;2026-02-11;0.8;yahoo;2026-10-03
RBRR11;2026-03-11;0.7;yahoo;2026-10-03
RBRR11;2026-04-13;0.7;yahoo;2026-10-03
RBRR11;2026-05-13;0.9;yahoo;2026-10-03
RBRR11;2026-06-11;0.95;yahoo;2026-10-03
RBRR11;2026-07-10;0.98;yahoo;2026-10-03
RBRR11;2026-08-12;0.9;yahoo;2026-10-03
RBRR11;2026-09-11;0.9;yahoo;2026-10-03
RBRY11;2022-04-12;1.297079;yahoo;2026-10-03
RBRY11;2022-05-11;1.247192;yahoo;2026-10-03
RBRY11;2022-06-10;1.247192;yahoo;2026-10-03
RBRY11;2022-07-12;1.407198;yahoo;2026-10-03
RBRY11;2022-08-10;1.346967;yahoo;2026-10-03
RBRY11;2022-09-13;1.197304;yahoo;2026-10-03
RBRY11;2022-10-13;0.997753;yahoo;2026-10-03
RBRY11;2022-11-11;0.997753;yahoo;2026-10-03
RBRY11;2022-12-12;0.997753;yahoo;2026-10-03
RBRY11;2023-01-11;1.097529;yahoo;2026-10-03
RBRY11;2023-02-10;1.147416;yahoo;2026-10-03
RBRY11;2023-03-10;1.197304;yahoo;2026-10-03
RBRY11;2023-04-13;1.247192;yahoo;2026-10-03
RBRY11;2023-05-11;1.247192;yahoo;2026-10-03
RBRY11;2023-06-13;1.247192;yahoo;2026-10-03
RBRY11;2023-07-12;1.247192;yahoo;2026-10-03
RBRY11;2023-08-10;1.197304;yahoo;2026-10-03
RBRY11;2023-09-13;1.197304;yahoo;2026-10-03
RBRY11;2023-10-11;1.199755;yahoo;2026-10-03
RBRY11;2023-11-13;0.999796;yahoo;2026-10-03
RBRY11;2023-12-12;0.999796;yahoo;2026-10-03
RBRY11;2024-01-11;0.999796;yahoo;2026-10-03
RBRY11;2024-02-14;1.049786;yahoo;2026-10-03
RBRY11;2024-03-12;1.01;yahoo;2026-10-03
RBRY11;2024-04-10;1.0;yahoo;2026-10-03
RBRY11;2024-05-13;0.95;yahoo;2026-10-03
RBRY11;2024-06-12;0.95;yahoo;2026-10-03
RBRY11;2024-07-10;1.0;yahoo;2026-10-03
RBRY11;2024-08-12;1.0;yahoo;2026-10-03
RBRY11;2024-09-11;0.95;yahoo;2026-10-03
RBRY11;2024-10-10;0.9;yahoo;2026-10-03
RBRY11;2024-11-12;0.9;yahoo;2026-10-03
RBRY11;2024-12-11;0.95;yahoo;2026-10-03
RBRY11;2025-01-13;0.97;yahoo;2026-10-03
RBRY11;2025-02-12;1.05;yahoo;2026-10-03
RBRY11;2025-03-14;1.05;yahoo;2026-10-03
RBRY11;2025-04-10;1.05;yahoo;2026-10-03
RBRY11;2025-05-13;1.1;yahoo;2026-10-03
RBRY11;2025-06-11;1.1;yahoo;2026-10-03
RBRY11;2025-07-10;1.15;yahoo;2026-10-03
RBRY11;2025-08-12;1.175;yahoo;2026-10-03
RBRY11;2025-09-10;1.25;yahoo;2026-10-03
RBRY11;2025-10-10;1.25;yahoo;2026-10-03
RBRY11;2025-11-12;1.25;yahoo;2026-10-03
RBRY11;2025-12-10;1.25;yahoo;2026-10-03
RBRY11;2026-01-13;1.25;yahoo;2026-10-03
RBRY11;2026-02-11;1.15;yahoo;2026-10-03
RBRY11;2026-03-11;1.09;yahoo;2026-10-03
RBRY11;2026-04-13;1.06;yahoo;2026-10-03
RBRY11;2026-05-13;1.0;yahoo;2026-10-03
RBRY11;2026-06-11;1.0;yahoo;2026-10-03
RBRY11;2026-07-10;1.0;yahoo;2026-10-03
RBRY11;2026-08-12;1.0;yahoo;2026-10-03
RBRY11;2026-09-11;1.0;yahoo;2026-10-03
RECR11;2022-04-08;0.968116;yahoo;2026-10-03
RECR11;2022-05-09;1.065267;yahoo;2026-10-03
RECR11;2022-06-08;1.219909;yahoo;2026-10-03
RECR11;2022-07-08;0.8154;yahoo;2026-10-03
RECR11;2022-08-08;0.723579;yahoo;2026-10-03
RECR11;2022-09-09;0.567235;yahoo;2026-10-03
RECR11;2022-11-09;0.31361;yahoo;2026-10-03
RECR11;2022-12-08;0.521147;yahoo;2026-10-03
RECR11;2023-01-09;0.655014;yahoo;2026-10-03
RECR11;2023-02-08;0.701953;yahoo;2026-10-03
RECR11;2023-03-08;0.645229;yahoo;2026-10-03
RECR11;2023-05-09;0.713936;yahoo;2026-10-03
RECR11;2023-06-09;0.868862;yahoo;2026-10-03
RECR11;2023-07-10;0.64374;yahoo;2026-10-03
RECR11;2023-08-08;0.50569;yahoo;2026-10-03
RECR11;2023-09-11;0.423299;yahoo;2026-10-03
RECR11;2023-10-09;0.531286;yahoo;2026-10-03
RECR11;2023-11-09;0.553267;yahoo;2026-10-03
RECR11;2023-12-08;0.549863;yahoo;2026-10-03
RECR11;2024-02-08;0.574325;yahoo;2026-10-03
RECR11;2024-03-08;0.623958;yahoo;2026-10-03
RECR11;2024-04-08;0.666501;yahoo;2026-10-03
RECR11;2024-05-09;0.914666;yahoo;2026-10-03
RECR11;2024-06-10;0.538873;yahoo;2026-10-03
RECR11;2024-07-08;0.574325;yahoo;2026-10-03
RECR11;2024-08-08;0.602687;yahoo;2026-10-03
RECR11;2024-09-09;0.531783;yahoo;2026-10-03
RECR11;2024-10-08;0.505406;yahoo;2026-10-03
RECR11;2024-11-08;0.766192;yahoo;2026-10-03
RECR11;2024-12-09;0.681674;yahoo;2026-10-03
RECR11;2025-01-09;0.734427;yahoo;2026-10-03
RECR11;2025-02-10;0.728258;yahoo;2026-10-03
RECR11;2025-03-12;0.671393;yahoo;2026-10-03
RECR11;2025-04-08;0.815683;yahoo;2026-10-03
RECR11;2025-05-09;0.964866;yahoo;2026-10-03
RECR11;2025-06-09;0.747544;yahoo;2026-10-03
RECR11;2025-07-08;0.719041;yahoo;2026-10-03
RECR11;2025-08-08;0.6743;yahoo;2026-10-03
RECR11;2025-09-08;0.554117;yahoo;2026-10-03
RECR11;2025-10-08;0.526252;yahoo;2026-10-03
RECR11;2025-11-10;0.8037;yahoo;2026-10-03
RECR11;2025-12-08;0.8194;yahoo;2026-10-03
RECR11;2026-01-09;0.81;yahoo;2026-10-03
RECR11;2026-02-09;0.8276;yahoo;2026-10-03
RECR11;2026-03-09;0.7253;yahoo;2026-10-03
RECR11;2026-04-09;1.0335;yahoo;2026-10-03
RECR11;2026-05-11;1.0525;yahoo;2026-10-03
RECR11;2026-06-09;1.118;yahoo;2026-10-03
RECR11;2026-07-08;1.0759;yahoo;2026-10-03
RECR11;2026-08-10;1.0987;yahoo;2026-10-03
RECR11;2026-09-09;0.7373;yahoo;2026-10-03
TGAR11;2017-11-01;0.891168;yahoo;2026-10-03
TGAR11;2017-12-01;0.772345;yahoo;2026-10-03
TGAR11;2022-04-01;1.257537;yahoo;2026-10-03
TGAR11;2022-05-02;1.425868;yahoo;2026-10-03
TGAR11;2022-06-01;1.514985;yahoo;2026-10-03
TGAR11;2022-07-01;1.554593;yahoo;2026-10-03
TGAR11;2022-08-01;1.564495;yahoo;2026-10-03
TGAR11;2022-09-01;1.574396;yahoo;2026-10-03
TGAR11;2022-10-03;1.574396;yahoo;2026-10-03
TGAR11;2022-11-01;1.534789;yahoo;2026-10-03
TGAR11;2022-12-01;1.48528;yahoo;2026-10-03
TGAR11;2023-01-02;1.287242;yahoo;2026-10-03
TGAR11;2023-02-01;1.287242;yahoo;2026-10-03
TGAR11;2023-03-01;1.297144;yahoo;2026-10-03
TGAR11;2023-04-03;1.32685;yahoo;2026-10-03
TGAR11;2023-05-02;1.336752;yahoo;2026-10-03
TGAR11;2023-06-01;1.346654;yahoo;2026-10-03
TGAR11;2023-07-03;1.366457;yahoo;2026-10-03
TGAR11;2023-08-01;1.386261;yahoo;2026-10-03
TGAR11;2023-09-01;1.406065;yahoo;2026-10-03
TGAR11;2023-10-02;1.415967;yahoo;2026-10-03
TGAR11;2023-11-01;1.443096;yahoo;2026-10-03
TGAR11;2023-12-01;1.423192;yahoo;2026-10-03
TGAR11;2024-01-02;1.313715;yahoo;2026-10-03
TGAR11;2024-02-01;1.313715;yahoo;2026-10-03
TGAR11;2024-03-01;1.323668;yahoo;2026-10-03
TGAR11;2024-04-01;1.323668;yahoo;2026-10-03
TGAR11;2024-05-02;1.33362;yahoo;2026-10-03
TGAR11;2024-06-03;1.35;yahoo;2026-10-03
TGAR11;2024-07-01;1.33;yahoo;2026-10-03
TGAR11;2024-08-01;1.22;yahoo;2026-10-03
TGAR11;2024-09-02;1.12;yahoo;2026-10-03
TGAR11;2024-10-01;1.14;yahoo;2026-10-03
TGAR11;2024-11-01;1.15;yahoo;2026-10-03
TGAR11;2024-12-02;1.15;yahoo;2026-10-03
TGAR11;2025-01-02;1.1;yahoo;2026-10-03
TGAR11;2025-02-03;1.0;yahoo;2026-10-03
TGAR11;2025-03-05;1.0;yahoo;2026-10-03
TGAR11;2025-04-01;1.0;yahoo;2026-10-03
TGAR11;2025-05-02;1.0;yahoo;2026-10-03
TGAR11;2025-06-02;1.0;yahoo;2026-10-03
TGAR11;2025-07-01;1.0;yahoo;2026-10-03
TGAR11;2025-08-01;1.0;yahoo;2026-10-03
TGAR11;2025-09-01;1.0;yahoo;2026-10-03
TGAR11;2025-10-01;1.0;yahoo;2026-10-03
TGAR11;2025-11-03;1.0;yahoo;2026-10-03
TGAR11;2025-12-01;1.0;yahoo;2026-10-03
TGAR11;2026-01-02;1.0;yahoo;2026-10-03
TGAR11;2026-02-02;0.71;yahoo;2026-10-03
TGAR11;2026-03-02;0.72;yahoo;2026-10-03
TGAR11;2026-04-01;0.72;yahoo;2026-10-03
TGAR11;2026-05-04;0.72;yahoo;2026-10-03
TGAR11;2026-06-01;0.72;yahoo;2026-10-03
TGAR11;2026-07-01;0.72;yahoo;2026-10-03
TGAR11;2026-08-03;0.72;yahoo;2026-10-03
TGAR11;2026-09-01;0.7;yahoo;2026-10-03
TRXF11;2022-04-01;0.785354;yahoo;2026-10-03
TRXF11;2022-05-02;0.785354;yahoo;2026-10-03
TRXF11;2022-06-01;0.834439;yahoo;2026-10-03
TRXF11;2022-07-01;1.031255;yahoo;2026-10-03
TRXF11;2022-08-01;0.834825;yahoo;2026-10-03
TRXF11;2022-09-01;0.834825;yahoo;2026-10-03
TRXF11;2022-10-03;0.805361;yahoo;2026-10-03
TRXF11;2022-11-01;0.840838;yahoo;2026-10-03
TRXF11;2022-12-01;0.840838;yahoo;2026-10-03
TRXF11;2023-01-02;1.187065;yahoo;2026-10-03
TRXF11;2023-02-01;0.840838;yahoo;2026-10-03
TRXF11;2023-03-01;0.840838;yahoo;2026-10-03
TRXF11;2023-04-03;0.840838;yahoo;2026-10-03
TRXF11;2023-05-02;0.841377;yahoo;2026-10-03
TRXF11;2023-06-01;0.841377;yahoo;2026-10-03
TRXF11;2023-07-03;0.890869;yahoo;2026-10-03
TRXF11;2023-08-01;0.890869;yahoo;2026-10-03
TRXF11;2023-09-01;0.890869;yahoo;2026-10-03
TRXF11;2023-10-02;0.890869;yahoo;2026-10-03
TRXF11;2023-11-01;0.893361;yahoo;2026-10-03
TRXF11;2023-12-01;0.893361;yahoo;2026-10-03
TRXF11;2024-01-02;1.687459;yahoo;2026-10-03
TRXF11;2024-02-01;0.893361;yahoo;2026-10-03
TRXF11;2024-03-01;0.893361;yahoo;2026-10-03
TRXF11;2024-04-01;0.895545;yahoo;2026-10-03
TRXF11;2024-05-02;0.895545;yahoo;2026-10-03
TRXF11;2024-06-03;0.895545;yahoo;2026-10-03
TRXF11;2024-07-01;1.044802;yahoo;2026-10-03
TRXF11;2024-08-01;0.925396;yahoo;2026-10-03
TRXF11;2024-09-02;0.925396;yahoo;2026-10-03
TRXF11;2024-10-01;0.925396;yahoo;2026-10-03
TRXF11;2024-11-01;0.925396;yahoo;2026-10-03
TRXF11;2024-12-02;0.925396;yahoo;2026-10-03
TRXF11;2025-01-02;2.487624;yahoo;2026-10-03
TRXF11;2025-02-03;0.925396;yahoo;2026-10-03
TRXF11;2025-03-05;0.925396;yahoo;2026-10-03
TRXF11;2025-04-01;0.925396;yahoo;2026-10-03
TRXF11;2025-05-02;0.925396;yahoo;2026-10-03
TRXF11;2025-06-02;0.93;yahoo;2026-10-03
TRXF11;2025-07-01;1.51;yahoo;2026-10-03
TRXF11;2025-08-01;0.93;yahoo;2026-10-03
TRXF11;2025-09-01;0.93;yahoo;2026-10-03
TRXF11;2025-10-01;0.93;yahoo;2026-10-03
TRXF11;2025-11-03;0.93;yahoo;2026-10-03
TRXF11;2026-01-02;1.0;yahoo;2026-10-03
TRXF11;2026-02-02;0.93;yahoo;2026-10-03
TRXF11;2026-03-02;0.93;yahoo;2026-10-03
TRXF11;2026-04-01;0.93;yahoo;2026-10-03
TRXF11;2026-05-04;0.93;yahoo;2026-10-03
TRXF11;2026-06-01;0.93;yahoo;2026-10-03
TRXF11;2026-07-01;1.5;yahoo;2026-10-03
TRXF11;2026-08-03;0.93;yahoo;2026-10-03
TRXF11;2026-09-01;0.93;yahoo;2026-10-03
TRXF11;2026-10-01;0.93;yahoo;2026-10-03
VISC11;2017-12-01;0.608113;yahoo;2026-10-03
VISC11;2022-05-02;0.697835;yahoo;2026-10-03
VISC11;2022-06-01;0.697835;yahoo;2026-10-03
VISC11;2022-07-01;0.697835;yahoo;2026-10-03
VISC11;2022-08-01;0.707804;yahoo;2026-10-03
VISC11;2022-09-01;0.717773;yahoo;2026-10-03
VISC11;2022-10-03;0.737711;yahoo;2026-10-03
VISC11;2022-11-01;0.74768;yahoo;2026-10-03
VISC11;2022-12-01;0.757649;yahoo;2026-10-03
VISC11;2023-01-02;0.847371;yahoo;2026-10-03
VISC11;2023-02-01;0.817464;yahoo;2026-10-03
VISC11;2023-03-01;0.797526;yahoo;2026-10-03
VISC11;2023-04-03;0.817464;yahoo;2026-10-03
VISC11;2023-05-02;0.817464;yahoo;2026-10-03
VISC11;2023-06-01;0.817464;yahoo;2026-10-03
VISC11;2023-07-03;0.847371;yahoo;2026-10-03
VISC11;2023-08-01;0.847371;yahoo;2026-10-03
VISC11;2023-09-01;0.917797;yahoo;2026-10-03
VISC11;2023-10-02;0.917797;yahoo;2026-10-03
VISC11;2023-11-01;0.997605;yahoo;2026-10-03
VISC11;2023-12-01;1.0;yahoo;2026-10-03
VISC11;2024-01-02;1.0;yahoo;2026-10-03
VISC11;2024-02-01;1.0;yahoo;2026-10-03
VISC11;2024-03-01;1.0;yahoo;2026-10-03
VISC11;2024-04-01;1.0;yahoo;2026-10-03
VISC11;2024-05-02;1.0;yahoo;2026-10-03
VISC11;2024-06-03;1.0;yahoo;2026-10-03
VISC11;2024-07-01;0.85;yahoo;2026-10-03
VISC11;2024-08-01;0.85;yahoo;2026-10-03
VISC11;2024-09-02;0.83;yahoo;2026-10-03
VISC11;2024-10-01;0.8;yahoo;2026-10-03
VISC11;2024-11-01;0.8;yahoo;2026-10-03
VISC11;2024-12-02;0.8;yahoo;2026-10-03
VISC11;2025-01-02;0.8;yahoo;2026-10-03
VISC11;2025-02-03;0.8;yahoo;2026-10-03
VISC11;2025-03-05;0.8;yahoo;2026-10-03
VISC11;2025-04-01;0.8;yahoo;2026-10-03
VISC11;2025-05-02;0.08;yahoo;2026-10-03
VISC11;2025-06-02;0.8;yahoo;2026-10-03
VISC11;2025-07-01;0.81;yahoo;2026-10-03
VISC11;2025-08-01;0.81;yahoo;2026-10-03
VISC11;2025-09-01;0.81;yahoo;2026-10-03
VISC11;2025-10-01;0.81;yahoo;2026-10-03
VISC11;2025-11-03;0.81;yahoo;2026-10-03
VISC11;2025-12-01;0.81;yahoo;2026-10-03
VISC11;2026-01-02;0.81;yahoo;2026-10-03
VISC11;2026-02-02;0.84;yahoo;2026-10-03
VISC11;2026-03-02;0.84;yahoo;2026-10-03
VISC11;2026-04-01;0.84;yahoo;2026-10-03
VISC11;2026-05-04;0.84;yahoo;2026-10-03
VISC11;2026-06-01;0.84;yahoo;2026-10-03
VISC11;2026-07-01;0.84;yahoo;2026-10-03
VISC11;2026-08-03;0.84;yahoo;2026-10-03
VISC11;2026-09-01;0.84;yahoo;2026-10-03
VRTA11;2017-11-01;0.72;yahoo;2026-10-03
VRTA11;2017-12-01;0.7;yahoo;2026-10-03
VRTA11;2022-04-01;1.15;yahoo;2026-10-03
VRTA11;2022-05-02;1.2;yahoo;2026-10-03
VRTA11;2022-06-01;1.25;yahoo;2026-10-03
VRTA11;2022-08-01;1.1;yahoo;2026-10-03
VRTA11;2022-09-01;1.1;yahoo;2026-10-03
VRTA11;2022-10-03;1.0;yahoo;2026-10-03
VRTA11;2022-11-01;1.0;yahoo;2026-10-03
VRTA11;2022-12-01;0.9;yahoo;2026-10-03
VRTA11;2023-01-02;0.9;yahoo;2026-10-03
VRTA11;2023-02-01;1.0;yahoo;2026-10-03
VRTA11;2023-03-01;0.95;yahoo;2026-10-03
VRTA11;2023-04-03;0.95;yahoo;2026-10-03
VRTA11;2023-05-02;0.95;yahoo;2026-10-03
VRTA11;2023-06-01;0.95;yahoo;2026-10-03
VRTA11;2023-07-03;0.92;yahoo;2026-10-03
VRTA11;2023-08-01;0.7;yahoo;2026-10-03
VRTA11;2023-09-01;0.7;yahoo;2026-10-03
VRTA11;2023-10-02;0.7;yahoo;2026-10-03
VRTA11;2023-11-01;0.7;yahoo;2026-10-03
VRTA11;2023-12-01;0.7;yahoo;2026-10-03
VRTA11;2024-01-02;0.75;yahoo;2026-10-03
VRTA11;2024-02-01;0.8;yahoo;2026-10-03
VRTA11;2024-03-01;0.85;yahoo;2026-10-03
VRTA11;2024-04-01;0.9;yahoo;2026-10-03
VRTA11;2024-05-02;0.9;yahoo;2026-10-03
VRTA11;2024-06-03;0.9;yahoo;2026-10-03
VRTA11;2024-07-01;0.9;yahoo;2026-10-03
VRTA11;2024-08-01;0.9;yahoo;2026-10-03
VRTA11;2024-09-02;0.8;yahoo;2026-10-03
VRTA11;2024-10-01;0.8;yahoo;2026-10-03
VRTA11;2024-11-01;0.8;yahoo;2026-10-03
VRTA11;2024-12-02;0.8;yahoo;2026-10-03
VRTA11;2025-01-02;0.85;yahoo;2026-10-03
VRTA11;2025-02-03;0.85;yahoo;2026-10-03
VRTA11;2025-03-05;0.85;yahoo;2026-10-03
VRTA11;2025-04-01;0.85;yahoo;2026-10-03
VRTA11;2025-05-02;0.85;yahoo;2026-10-03
VRTA11;2025-06-02;0.85;yahoo;2026-10-03
VRTA11;2025-07-01;0.85;yahoo;2026-10-03
VRTA11;2025-08-01;0.85;yahoo;2026-10-03
VRTA11;2025-09-01;0.85;yahoo;2026-10-03
VRTA11;2025-10-01;0.85;yahoo;2026-10-03
VRTA11;2025-11-03;0.85;yahoo;2026-10-03
VRTA11;2025-12-01;0.85;yahoo;2026-10-03
VRTA11;2026-01-02;0.85;yahoo;2026-10-03
VRTA11;2026-02-02;0.85;yahoo;2026-10-03
VRTA11;2026-03-02;0.85;yahoo;2026-10-03
VRTA11;2026-04-01;0.85;yahoo;2026-10-03
VRTA11;2026-05-04;0.85;yahoo;2026-10-03
VRTA11;2026-06-01;0.85;yahoo;2026-10-03
VRTA11;2026-07-01;0.85;yahoo;2026-10-03
VRTA11;2026-08-03;0.85;yahoo;2026-10-03
VRTA11;2026-09-01;0.85;yahoo;2026-10-03
VRTA11;2026-10-01;0.85;yahoo;2026-10-03
XPLG11;2022-04-01;0.659802;yahoo;2026-10-03
XPLG11;2022-05-02;0.659802;yahoo;2026-10-03
XPLG11;2022-06-01;0.679796;yahoo;2026-10-03
XPLG11;2022-07-01;0.69979;yahoo;2026-10-03
XPLG11;2022-08-01;0.719784;yahoo;2026-10-03
XPLG11;2022-09-01;0.719784;yahoo;2026-10-03
XPLG11;2022-10-03;0.739778;yahoo;2026-10-03
XPLG11;2022-11-01;0.739778;yahoo;2026-10-03
XPLG11;2022-12-01;0.739778;yahoo;2026-10-03
XPLG11;2023-01-02;0.739778;yahoo;2026-10-03
XPLG11;2023-02-01;0.739778;yahoo;2026-10-03
XPLG11;2023-03-01;0.739778;yahoo;2026-10-03
XPLG11;2023-04-03;0.739778;yahoo;2026-10-03
XPLG11;2023-05-02;0.739778;yahoo;2026-10-03
XPLG11;2023-06-01;0.749775;yahoo;2026-10-03
XPLG11;2023-07-03;0.789763;yahoo;2026-10-03
XPLG11;2023-08-01;0.779766;yahoo;2026-10-03
XPLG11;2023-09-01;0.78;yahoo;2026-10-03
XPLG11;2023-10-02;0.78;yahoo;2026-10-03
XPLG11;2023-12-01;0.78;yahoo;2026-10-03
XPLG11;2024-01-02;0.78;yahoo;2026-10-03
XPLG11;2024-03-01;0.78;yahoo;2026-10-03
XPLG11;2024-04-01;0.78;yahoo;2026-10-03
XPLG11;2024-05-02;0.78;yahoo;2026-10-03
XPLG11;2024-06-03;0.78;yahoo;2026-10-03
XPLG11;2024-07-01;0.78;yahoo;2026-10-03
XPLG11;2024-08-01;0.78;yahoo;2026-10-03
XPLG11;2024-09-02;0.78;yahoo;2026-10-03
XPLG11;2024-10-01;0.78;yahoo;2026-10-03
XPLG11;2024-11-01;0.78;yahoo;2026-10-03
XPLG11;2024-12-02;0.78;yahoo;2026-10-03
XPLG11;2025-01-02;0.78;yahoo;2026-10-03
XPLG11;2025-02-03;0.82;yahoo;2026-10-03
XPLG11;2025-03-05;0.82;yahoo;2026-10-03
XPLG11;2025-04-01;0.82;yahoo;2026-10-03
XPLG11;2025-05-02;0.82;yahoo;2026-10-03
XPLG11;2025-06-02;0.82;yahoo;2026-10-03
XPLG11;2025-07-01;0.82;yahoo;2026-10-03
XPLG11;2025-08-01;0.82;yahoo;2026-10-03
XPLG11;2025-09-01;0.82;yahoo;2026-10-03
XPLG11;2025-10-01;0.82;yahoo;2026-10-03
XPLG11;2025-11-03;0.82;yahoo;2026-10-03
XPLG11;2025-12-01;0.82;yahoo;2026-10-03
XPLG11;2026-01-02;0.82;yahoo;2026-10-03
XPLG11;2026-02-02;0.82;yahoo;2026-10-03
XPLG11;2026-03-02;0.82;yahoo;2026-10-03
XPLG11;2026-04-01;0.82;yahoo;2026-10-03
XPLG11;2026-05-04;0.82;yahoo;2026-10-03
XPLG11;2026-06-01;0.82;yahoo;2026-10-03
XPLG11;2026-07-01;0.82;yahoo;2026-10-03
XPLG11;2026-08-03;0.82;yahoo;2026-10-03
XPLG11;2026-09-01;0.82;yahoo;2026-10-03
XPLG11;2026-10-01;0.82;yahoo;2026-10-03
XPML11;2022-03-21;0.631316;yahoo;2026-10-03
XPML11;2022-04-18;0.651045;yahoo;2026-10-03
XPML11;2022-05-19;0.670773;yahoo;2026-10-03
XPML11;2022-06-20;0.670773;yahoo;2026-10-03
XPML11;2022-07-19;0.680638;yahoo;2026-10-03
XPML11;2022-08-19;0.690502;yahoo;2026-10-03
XPML11;2022-09-19;0.722496;yahoo;2026-10-03
XPML11;2022-10-19;0.742291;yahoo;2026-10-03
XPML11;2022-11-21;0.742291;yahoo;2026-10-03
XPML11;2022-12-19;0.762085;yahoo;2026-10-03
XPML11;2023-01-19;0.890749;yahoo;2026-10-03
XPML11;2023-02-16;0.762085;yahoo;2026-10-03
XPML11;2023-03-20;0.771982;yahoo;2026-10-03
XPML11;2023-04-18;0.791777;yahoo;2026-10-03
XPML11;2023-05-19;0.801674;yahoo;2026-10-03
XPML11;2023-06-19;0.803825;yahoo;2026-10-03
XPML11;2023-07-19;0.826867;yahoo;2026-10-03
XPML11;2023-08-21;0.83683;yahoo;2026-10-03
XPML11;2023-09-19;0.846792;yahoo;2026-10-03
XPML11;2023-10-19;0.846792;yahoo;2026-10-03
XPML11;2023-11-20;0.846792;yahoo;2026-10-03
XPML11;2023-12-18;0.896603;yahoo;2026-10-03
XPML11;2024-01-19;0.919777;yahoo;2026-10-03
XPML11;2024-02-19;0.899782;yahoo;2026-10-03
XPML11;2024-03-19;0.899782;yahoo;2026-10-03
XPML11;2024-04-19;0.909842;yahoo;2026-10-03
XPML11;2024-05-20;0.91984;yahoo;2026-10-03
XPML11;2024-06-19;0.91984;yahoo;2026-10-03
XPML11;2024-07-19;0.91984;yahoo;2026-10-03
XPML11;2024-08-19;0.91984;yahoo;2026-10-03
XPML11;2024-09-19;0.91984;yahoo;2026-10-03
XPML11;2024-10-21;0.91984;yahoo;2026-10-03
XPML11;2024-11-18;0.91984;yahoo;2026-10-03
XPML11;2024-12-17;0.91984;yahoo;2026-10-03
XPML11;2025-01-20;0.91984;yahoo;2026-10-03
XPML11;2025-02-19;0.91984;yahoo;2026-10-03
XPML11;2025-03-19;0.91984;yahoo;2026-10-03
XPML11;2025-04-17;0.91984;yahoo;2026-10-03
XPML11;2025-05-19;0.91984;yahoo;2026-10-03
XPML11;2025-06-18;0.91984;yahoo;2026-10-03
XPML11;2025-07-21;0.91984;yahoo;2026-10-03
XPML11;2025-08-19;0.91984;yahoo;2026-10-03
XPML11;2025-09-19;0.91984;yahoo;2026-10-03
XPML11;2025-10-20;0.91984;yahoo;2026-10-03
XPML11;2025-11-18;0.91984;yahoo;2026-10-03
XPML11;2025-12-17;0.91984;yahoo;2026-10-03
XPML11;2026-01-19;0.91984;yahoo;2026-10-03
XPML11;2026-02-19;0.92;yahoo;2026-10-03
XPML11;2026-03-19;0.92;yahoo;2026-10-03
XPML11;2026-04-17;0.92;yahoo;2026-10-03
XPML11;2026-05-19;0.92;yahoo;2026-10-03
XPML11;2026-06-19;0.92;yahoo;2026-10-03
XPML11;2026-07-20;0.92;yahoo;2026-10-03
XPML11;2026-08-19;0.92;yahoo;2026-10-03
XPML11;2026-09-21;0.95;yahoo;2026-10-03
