Ticker;CNPJ;Data_Referencia;Patrimonio_Liquido;Cotas_Emitidas;VP_Cota;Cotistas;Valor_Ativo;Segmento_CVM;Mandato_CVM;Nome_CVM
ALZR11;28.737.771/0001-85;2025-01-01;1266506123.73;12226625.0;103.585914;154545.0;1627572971.27;Híbrido;Renda;ALIANZA TRUST RI FII
ALZR11;28.737.771/0001-85;2025-02-01;1268381861.84;12226625.0;103.739328;152998.0;1628966233.77;Híbrido;Renda;ALIANZA TRUST RI FII
ALZR11;28.737.771/0001-85;2025-03-01;1272157932.15;12226625.0;104.048168;152691.0;1631772696.92;Híbrido;Renda;ALIANZA TRUST RI FII
ALZR11;28.737.771/0001-85;2025-04-01;1274128693.8;122266250.0;10.420935;153311.0;1617241261.08;Híbrido;Renda;ALIANZA TRUST RI FII
ALZR11;28.737.771/0001-85;2025-05-01;1278573419.98;122266250.0;10.457288;160400.0;1694650329.76;Híbrido;Renda;ALIANZA TRUST FII RL
ALZR11;28.737.771/0001-85;2025-06-01;1319772054.67;122266250.0;10.794247;164422.0;1734596320.81;Híbrido;Renda;ALIANZA TRUST FII RL
ALZR11;28.737.771/0001-85;2025-07-01;1317134585.24;122266250.0;10.772675;165613.0;1730849448.47;Híbrido;Renda;ALIANZA TRUST FII RL
ALZR11;28.737.771/0001-85;2025-08-01;1305279166.71;122266250.0;10.675711;167464.0;1724177844.8;Multicategoria;;ALIANZA TRUST FII RL
ALZR11;28.737.771/0001-85;2025-09-01;1302910581.76;122266250.0;10.656339;170603.0;1723591188.99;Multicategoria;;ALIANZA TRUST FII RL
ALZR11;28.737.771/0001-85;2025-10-01;1303041750.32;122266250.0;10.657412;172911.0;1707521614.5;Outros;;ALIANZA TRUST FII RL
ALZR11;28.737.771/0001-85;2025-11-01;1301443456.05;122266250.0;10.644339;176535.0;1704533838.34;Multicategoria;;ALIANZA TRUST FII RL
ALZR11;28.737.771/0001-85;2025-12-01;1300994832.06;122266250.0;10.64067;178582.0;1735684967.66;Multicategoria;;ALIANZA TRUST FII RL
ALZR11;28.737.771/0001-85;2026-01-01;1299853108.46;122266250.0;10.631332;182932.0;1732696911.91;Multicategoria;;ALIANZA TRUST FII RL
ALZR11;28.737.771/0001-85;2026-02-01;1353278644.6;127064853.0;10.650299;188609.0;1793832383.63;Multicategoria;;ALIANZA TRUST FII RL
ALZR11;28.737.771/0001-85;2026-03-01;1486717530.7;140361736.0;10.592043;196632.0;1891435924.13;Multicategoria;;ALIANZA TRUST FII RL
ALZR11;28.737.771/0001-85;2026-04-01;1736260114.76;164629260.0;10.546486;200008.0;2124378856.01;Multicategoria;;ALIANZA TRUST FII RL
ALZR11;28.737.771/0001-85;2026-05-01;1755504582.43;164512251.0;10.670966;201297.0;2143760329.6;Multicategoria;;ALIANZA TRUST FII RL
ALZR11;28.737.771/0001-85;2026-06-01;1773434384.09;164492251.0;10.781264;203139.0;2157296850.27;Multicategoria;;ALIANZA TRUST FII RL
ALZR11;28.737.771/0001-85;2026-07-01;1773014664.8;164444501.0;10.781842;206111.0;2152966524.91;Multicategoria;;ALIANZA TRUST FII RL
ALZR11;28.737.771/0001-85;2026-08-01;1758690658.65;164400501.0;10.697599;209909.0;2143108909.84;Multicategoria;;ALIANZA TRUST FII RL
BCIA11;20.216.935/0001-17;2025-01-01;333132126.34;3719038.0;89.574811104377;24857.0;336438025.51;Títulos e Val. Mob.;Títulos e Valores Mobiliários;BRADESCO CARTEIRA IMOBILIÁRIA ATIVA FII
BCIA11;20.216.935/0001-17;2025-02-01;343757405.24;3719038.0;92.4318076986576;24495.0;347016970.24;Títulos e Val. Mob.;Títulos e Valores Mobiliários;BRADESCO CARTEIRA IMOBILIÁRIA ATIVA FII
BCIA11;20.216.935/0001-17;2025-03-01;360241044.49;3719038.0;96.8640397032781;24221.0;364180239.72;Títulos e Val. Mob.;Títulos e Valores Mobiliários;BRADESCO CARTEIRA IMOBILIÁRIA ATIVA FII
BCIA11;20.216.935/0001-17;2025-04-01;366371421.89;3719038.0;98.5124168911423;23795.0;369972420.74;Títulos e Val. Mob.;Títulos e Valores Mobiliários;BRADESCO CARTEIRA IMOBILIÁRIA ATIVA FII
BCIA11;20.216.935/0001-17;2025-05-01;369009837.98;3719038.0;99.2218519896812;23399.0;372290584.41;Títulos e Val. Mob.;Títulos e Valores Mobiliários;BRADESCO CARTEIRA IMOBILIÁRIA ATIVA FII
BCIA11;20.216.935/0001-17;2025-06-01;369809574.96;3719038.0;99.4368906582831;24221.0;373957060.86;Títulos e Val. Mob.;Títulos e Valores Mobiliários;BRADESCO CARTEIRA IMOBILIÁRIA ATIVA FII
BCIA11;20.216.935/0001-17;2025-07-01;362556988.3;3719038.0;97.4867662820332;22044.0;365877215.14;Títulos e Val. Mob.;Títulos e Valores Mobiliários;BRADESCO CARTEIRA IMOBILIÁRIA ATIVA FII
BCIA11;20.216.935/0001-17;2025-08-01;364940398.26;3719038.0;98.1276336138539;21523.0;371061530.67;Multicategoria;;BRADESCO CARTEIRA IMOBILIÁRIA ATIVA FII
BCIA11;20.216.935/0001-17;2025-09-01;372706854.35;3719038.0;100.215930665403;21087.0;376920889.66;Multicategoria;;BRADESCO CARTEIRA IMOBILIÁRIA ATIVA FII
BCIA11;20.216.935/0001-17;2025-10-01;368668708.74;3719038.0;99.1301268607635;20764.0;372369181.16;Multicategoria;;BRADESCO CARTEIRA IMOBILIÁRIA ATIVA FII
BCIA11;20.216.935/0001-17;2025-11-01;374486955.36;3719038.0;100.694576221055;20643.0;377998507.68;Multicategoria;;BRADESCO CARTEIRA IMOBILIÁRIA ATIVA FII
BCIA11;20.216.935/0001-17;2025-12-01;383600855.17;3719038.0;103.145183020448;20627.0;387246598.5;Multicategoria;;BRADESCO CARTEIRA IMOBILIÁRIA ATIVA FII
BCIA11;20.216.935/0001-17;2026-01-01;390115306.41;3719038.0;104.896832570681;20383.0;393527523.59;Multicategoria;;BRADESCO CARTEIRA IMOBILIÁRIA ATIVA FII
BCIA11;20.216.935/0001-17;2026-02-01;389978998.12;3719038.0;104.860181079086;20215.0;393334432.67;Multicategoria;;BRADESCO CARTEIRA IMOBILIÁRIA ATIVA FII
BCIA11;20.216.935/0001-17;2026-03-01;383865368.69;3719038.0;103.216307198259;20078.0;387270073.66;Multicategoria;;BRADESCO CARTEIRA IMOBILIÁRIA ATIVA FII
BCIA11;20.216.935/0001-17;2026-04-01;385435928.12;3719038.0;103.638609801782;19867.0;388820919.42;Multicategoria;;BRADESCO CARTEIRA IMOBILIÁRIA ATIVA FII
BCIA11;20.216.935/0001-17;2026-05-01;378442687.17;3719038.0;101.758220047765;19658.0;381813898.31;Multicategoria;;BRADESCO CARTEIRA IMOBILIÁRIA ATIVA FII
BCIA11;20.216.935/0001-17;2026-06-01;369234717.76;3719038.0;99.2823191803902;19402.0;375170557.12;Multicategoria;;BRADESCO CARTEIRA IMOBILIÁRIA ATIVA FII
BCIA11;20.216.935/0001-17;2026-07-01;363291990.06;3719038.0;97.6843985084315;19236.0;366799833.5;Multicategoria;;BRADESCO CARTEIRA IMOBILIÁRIA ATIVA FII
BCIA11;20.216.935/0001-17;2026-08-01;358301388.4;3719038.0;96.3424919024758;18963.0;361804699.18;Multicategoria;;BRADESCO CARTEIRA IMOBILIÁRIA ATIVA FII
BRCO11;20.748.515/0001-81;2025-01-01;1884315328.46;15905133.0;118.472151629288;116461.0;2061430137.1;Logística;Híbrido;BRESCO LOGISTICA FUNDO DE INVESTIMENTO IMOBILIÁRIO
BRCO11;20.748.515/0001-81;2025-02-01;1883637849.64;15905133.0;118.429556649416;117237.0;2061702493.43;Logística;Híbrido;BRESCO LOGISTICA FUNDO DE INVESTIMENTO IMOBILIÁRIO
BRCO11;20.748.515/0001-81;2025-03-01;1882284494.93;15905133.0;118.344467470344;118309.0;2061297041.63;Logística;Híbrido;BRESCO LOGISTICA FUNDO DE INVESTIMENTO IMOBILIÁRIO
BRCO11;20.748.515/0001-81;2025-04-01;1881272248.34;15905133.0;118.280824708602;119725.0;2061297772.55;Logística;Híbrido;BRESCO LOGISTICA FUNDO DE INVESTIMENTO IMOBILIÁRIO
BRCO11;20.748.515/0001-81;2025-05-01;1880266030.41;15905133.0;118.217560985501;119725.0;1921833464.22;Logística;Híbrido;BRESCO LOGISTICA FUNDO DE INVESTIMENTO IMOBILIÁRIO
BRCO11;20.748.515/0001-81;2025-06-01;1874839675.06;15905133.0;117.876390914807;120737.0;1919062301.06;Logística;Híbrido;BRESCO LOGISTICA FUNDO DE INVESTIMENTO IMOBILIÁRIO
BRCO11;20.748.515/0001-81;2025-07-01;1873877235.23;15905133.0;117.815879642754;121554.0;1919467845.24;Logística;Híbrido;BRESCO LOGISTICA FUNDO DE INVESTIMENTO IMOBILIÁRIO
BRCO11;20.748.515/0001-81;2025-08-01;1872487604.87;15905133.0;117.728509712556;119590.0;1915475344.57;Logística;;BRESCO LOGISTICA FUNDO DE INVESTIMENTO IMOBILIÁRIO
BRCO11;20.748.515/0001-81;2025-09-01;1869889352.55;15905133.0;117.565150354291;120011.0;1912316557.58;Logística;;BRESCO LOGISTICA FUNDO DE INVESTIMENTO IMOBILIÁRIO
BRCO11;20.748.515/0001-81;2025-10-01;1868441735.85;15905133.0;117.474134661433;121282.0;1909348015.7;Logística;;BRESCO LOGISTICA FUNDO DE INVESTIMENTO IMOBILIÁRIO
BRCO11;20.748.515/0001-81;2025-11-01;1866926162.75;15905133.0;117.37884636048;122353.0;1907919156.04;Logística;;BRESCO LOGISTICA FUNDO DE INVESTIMENTO IMOBILIÁRIO
BRCO11;20.748.515/0001-81;2025-12-01;2097601850.11;18021303.0001041;116.395681827107;124852.0;2482285201.62;Logística;;BRESCO LOGISTICA FUNDO DE INVESTIMENTO IMOBILIÁRIO
BRCO11;20.748.515/0001-81;2026-01-01;2102490018.62;18021303.0001041;116.666925727172;127225.0;2567831590.21;Logística;;BRESCO LOGISTICA FUNDO DE INVESTIMENTO IMOBILIÁRIO
BRCO11;20.748.515/0001-81;2026-02-01;2099429544.76;18021303.0001041;116.497100389904;131924.0;2567648399.4;Logística;;BRESCO LOGISTICA FUNDO DE INVESTIMENTO IMOBILIÁRIO
BRCO11;20.748.515/0001-81;2026-03-01;2096006022.86;18021303.0001041;116.307129559272;133096.0;2565157961.79;Logística;;BRESCO LOGISTICA FUNDO DE INVESTIMENTO IMOBILIÁRIO
BRCO11;20.748.515/0001-81;2026-04-01;2090865673.55;18021303.0001041;116.02189217605;136768.0;2576683268.94;Logística;;BRESCO LOGISTICA FUNDO DE INVESTIMENTO IMOBILIÁRIO
BRCO11;20.748.515/0001-81;2026-05-01;2085468575.6;18021303.0001041;115.722407840762;137451.0;2574094078.14;Logística;;BRESCO LOGISTICA FUNDO DE INVESTIMENTO IMOBILIÁRIO
BRCO11;20.748.515/0001-81;2026-06-01;2073424928.75;18021303.0001041;115.05410728281;138206.0;2565567447.43;Logística;;BRESCO LOGISTICA FUNDO DE INVESTIMENTO IMOBILIÁRIO
BRCO11;20.748.515/0001-81;2026-07-01;2070132105.41;18021303.0001041;114.871388900017;138623.0;2560788625.62;Logística;;BRESCO LOGISTICA FUNDO DE INVESTIMENTO IMOBILIÁRIO
BRCO11;20.748.515/0001-81;2026-08-01;2068114437.96;18021303.0001041;114.759428768722;137263.0;2558957700.87;Logística;;BRESCO LOGISTICA FUNDO DE INVESTIMENTO IMOBILIÁRIO
BTLG11;11.839.593/0001-09;2025-01-01;4489949750.46;43249151.0;103.815905;370962.0;5649383557.28;Híbrido;Renda;BTGP LOGISTICA FII
BTLG11;11.839.593/0001-09;2025-02-01;4490815678.7;43249151.0;103.835927;376433.0;5647829416.86;Híbrido;Renda;BTGP LOGISTICA FII
BTLG11;11.839.593/0001-09;2025-03-01;4497510230.55;43249151.0;103.990717;381638.0;5653065389.37;Híbrido;Renda;BTGP LOGISTICA FII
BTLG11;11.839.593/0001-09;2025-04-01;4497932355.37;43249151.0;104.000477;385093.0;5652334758.1;Híbrido;Renda;BTGP LOGISTICA FII
BTLG11;11.839.593/0001-09;2025-05-01;4502075338.94;43249151.0;104.096271;388958.0;5655128155.01;Híbrido;Renda;BTGP LOGISTICA FII
BTLG11;11.839.593/0001-09;2025-06-01;4506950051.66;43249151.0;104.208983;393465.0;5345992708.16;Híbrido;Renda;BTGP LOGISTICA FII
BTLG11;11.839.593/0001-09;2025-07-01;4612541737.89;44473975.0;103.713278;396300.0;5425114211.7;Híbrido;Renda;BTGP LOGISTICA FII
BTLG11;11.839.593/0001-09;2025-08-01;4620460237.24;44484954.0;103.865685;401755.0;5431991851.4;Multicategoria;;BTGP LOGISTICA FII
BTLG11;11.839.593/0001-09;2025-09-01;4596808986.83;44484954.0;103.334017;406668.0;5405489329.75;Outros;;BTGP LOGISTICA FII
BTLG11;11.839.593/0001-09;2025-10-01;5078230414.17;49052571.0;103.526284;410107.0;5858413140.95;Outros;;BTGP LOGISTICA FII
BTLG11;11.839.593/0001-09;2025-11-01;5220915863.07;50316306.0;103.761907;414292.0;5999256031.44;Multicategoria;;BTGP LOGISTICA FII
BTLG11;11.839.593/0001-09;2025-12-01;5497692138.64;53310352.0;103.126165;438517.0;6363437546.32;Multicategoria;;BTGP LOGISTICA FII
BTLG11;11.839.593/0001-09;2026-01-01;5494118561.27;53310352.0;103.059131;451524.0;6357403264.83;Multicategoria;;BTGP LOGISTICA FII
BTLG11;11.839.593/0001-09;2026-02-01;5474361554.43;53310352.0;102.688528;462182.0;6336979502.24;Multicategoria;;BTGP LOGISTICA FII
BTLG11;11.839.593/0001-09;2026-03-01;5464841772.83;53310352.0;102.509955;469777.0;6325355834.97;Multicategoria;;BTGP LOGISTICA FII
BTLG11;11.839.593/0001-09;2026-04-01;5462668094.76;53310352.0;102.469181;476467.0;5659386102.46;Multicategoria;;BTGP LOGISTICA FII
BTLG11;11.839.593/0001-09;2026-05-01;7105228967.29;69389648.0;102.396095;501290.0;7321212493.14;Multicategoria;;BTGP LOGISTICA FII
BTLG11;11.839.593/0001-09;2026-06-01;7427406877.13;69389648.0;107.03912;505908.0;7664029469.8;Multicategoria;;BTGP LOGISTICA FII
BTLG11;11.839.593/0001-09;2026-07-01;7580921710.93;70940261.0;106.86346;515243.0;7815435852.95;Multicategoria;;BTGP LOGISTICA FII
BTLG11;11.839.593/0001-09;2026-08-01;7568317626.83;70940261.0;106.685788;525374.0;7901751195.75;Multicategoria;;BTGP LOGISTICA FII
CPTS11;18.979.895/0001-13;2025-01-01;2719153766.2;317828140.0;8.555422;358602.0;3091444244.52;Títulos e Val. Mob.;;CAPITANIA SEC II FII
CPTS11;18.979.895/0001-13;2025-02-01;2730921865.18;317828140.0;8.592448;356478.0;3178486482.38;Títulos e Val. Mob.;;CAPITANIA SEC II FII
CPTS11;18.979.895/0001-13;2025-03-01;2777278745.42;317828140.0;8.738303;355842.0;3161479531.96;Títulos e Val. Mob.;;CAPITANIA SEC II FII
CPTS11;18.979.895/0001-13;2025-04-01;2792302086.08;317828140.0;8.785572;354816.0;3460186326.65;Títulos e Val. Mob.;;CAPITANIA SEC II FII
CPTS11;18.979.895/0001-13;2025-05-01;2922624878.92;328558329.0;8.8953;355297.0;3556308084.17;Títulos e Val. Mob.;;CAPITANIA SEC II FII
CPTS11;18.979.895/0001-13;2025-06-01;2928770236.61;328558329.0;8.914004;357039.0;3569836116.6;Títulos e Val. Mob.;;CAPITANIA SEC II FII
CPTS11;18.979.895/0001-13;2025-07-01;2914035233.99;328558329.0;8.869156;356073.0;3586862039.48;Títulos e Val. Mob.;;CAPITANIA SEC II FII
CPTS11;18.979.895/0001-13;2025-08-01;2906521069.11;328558329.0;8.846286;356167.0;3729683641.05;Outros;;CAPITANIA SEC II FII
CPTS11;18.979.895/0001-13;2025-09-01;2920953421.52;328558329.0;8.890213;354417.0;3552122920.93;Outros;;CAPITANIA SEC II FII
CPTS11;18.979.895/0001-13;2025-10-01;2929439340.6;328558329.0;8.91604;353144.0;3656876709.18;Outros;;CAPITANIA SEC II FII
CPTS11;18.979.895/0001-13;2025-11-01;2942820944.71;328558329.0;8.956769;352554.0;3632532837.82;Outros;;CAPITANIA SEC II FII
CPTS11;18.979.895/0001-13;2025-12-01;3197097104.63;348245947.0;9.180572;355275.0;3708936951.73;Outros;;CAPITANIA SEC II FII
CPTS11;18.979.895/0001-13;2026-01-01;3217834892.53;348245947.0;9.240122;360817.0;3881381861.76;Outros;;CAPITANIA SEC II FII
CPTS11;18.979.895/0001-13;2026-02-01;3236597107.11;352639199.0;9.178211;366303.0;3741441701.09;Outros;;CAPITANIA SEC II FII
CPTS11;18.979.895/0001-13;2026-03-01;3276580541.25;363503147.0;9.013899;372710.0;3952634983.65;Outros;;CAPITANIA SEC II FII
CPTS11;18.979.895/0001-13;2026-04-01;3218028355.17;363503147.0;8.852821;378378.0;3801841347.39;Outros;;CAPITANIA SEC II FII
CPTS11;18.979.895/0001-13;2026-05-01;3195466071.47;363503147.0;8.790752;381877.0;3913879402.21;Outros;;CAPITANIA SEC II FII
CPTS11;18.979.895/0001-13;2026-06-01;3144185982.89;363503147.0;8.64968;392504.0;4086959447.74;Outros;;CAPITANIA SEC II FII
CPTS11;18.979.895/0001-13;2026-07-01;3109874534.43;363503147.0;8.555289;398167.0;3800316959.99;Outros;;CAPITANIA SEC II FII
CPTS11;18.979.895/0001-13;2026-08-01;3081805083.78;363503147.0;8.47807;398543.0;3798204253.9;Outros;;CAPITANIA SEC II FII
GGRC11;26.614.291/0001-00;2025-01-01;1380802345.66;122285100.0;11.2916646889932;132517.0;1665008519.65;Logística;Híbrido;GGR COVEPI RENDA FUNDO DE INVESTIMENTO IMOBILIÁRIO
GGRC11;26.614.291/0001-00;2025-02-01;1383312013.12;122285100.0;11.3121877736535;151904.0;1667415039.68;Logística;Híbrido;GGR COVEPI RENDA FUNDO DE INVESTIMENTO IMOBILIÁRIO
GGRC11;26.614.291/0001-00;2025-03-01;1362276387.14;122285100.0;11.1401666036173;155913.0;1645141405.92;Logística;Híbrido;GGR COVEPI RENDA FUNDO DE INVESTIMENTO IMOBILIÁRIO
GGRC11;26.614.291/0001-00;2025-04-01;1379163934.28;122767072.0;11.2339889826484;166947.0;1850825242.16;Logística;Híbrido;GGR COVEPI RENDA FUNDO DE INVESTIMENTO IMOBILIÁRIO
GGRC11;26.614.291/0001-00;2025-05-01;1551147380.39;138643199.0;11.1880524366002;173976.0;2043700312.97;Logística;Híbrido;GGR COVEPI RENDA FUNDO DE INVESTIMENTO IMOBILIÁRIO
GGRC11;26.614.291/0001-00;2025-06-01;1705208177.61;152455666.0;11.1849445963524;178722.0;2032612868.75;Logística;Híbrido;GGR COVEPI RENDA FUNDO DE INVESTIMENTO IMOBILIÁRIO
GGRC11;26.614.291/0001-00;2025-07-01;1685014935.35;152455666.0;11.0524913869059;185954.0;2014176376.31;Logística;Híbrido;GGR COVEPI RENDA FUNDO DE INVESTIMENTO IMOBILIÁRIO
GGRC11;26.614.291/0001-00;2025-08-01;1683490349.43;152455666.0;11.0424911949812;190185.0;2001044566.18;Outros;;GGR COVEPI RENDA FUNDO DE INVESTIMENTO IMOBILIÁRIO
GGRC11;26.614.291/0001-00;2025-09-01;1883124192.27;171535114.0;10.9780682704417;196654.0;2207196081.27;Multicategoria;;GGR COVEPI RENDA FUNDO DE INVESTIMENTO IMOBILIÁRIO RL
GGRC11;26.614.291/0001-00;2025-10-01;2407668274.95;214249664.0;11.2376758497507;208652.0;2734551144.74;Multicategoria;;GGR COVEPI RENDA FUNDO DE INVESTIMENTO IMOBILIÁRIO RL
GGRC11;26.614.291/0001-00;2025-11-01;2396843001.45;214249664.0;11.1871494064513;208652.0;2721328588.48;Multicategoria;;GGR COVEPI RENDA FUNDO DE INVESTIMENTO IMOBILIÁRIO RL
GGRC11;26.614.291/0001-00;2025-12-01;2403988581.33;214249664.0;11.2205010567951;257326.0;2711621552.65;Multicategoria;;GGR COVEPI RENDA FUNDO DE INVESTIMENTO IMOBILIÁRIO RL
GGRC11;26.614.291/0001-00;2026-01-01;2400934581.34;214249664.0;11.2062466587579;290631.0;2704978044.97;Multicategoria;;GGR COVEPI RENDA FUNDO DE INVESTIMENTO IMOBILIÁRIO RL
GGRC11;26.614.291/0001-00;2026-02-01;2409963918.04;214249664.0;11.2483906534388;313493.0;2710276522.85;Multicategoria;;GGR COVEPI RENDA FUNDO DE INVESTIMENTO IMOBILIÁRIO RL
GGRC11;26.614.291/0001-00;2026-03-01;2390502948.18;214249664.0197;11.15755751;329111.0;2690073398.6;Multicategoria;;ZAGROS RENDA IMOBILIÁRIA FII RESPONSABIL
GGRC11;26.614.291/0001-00;2026-04-01;2373630278.21;214249664.0;11.07880514;343231.0;3032670886.07;Multicategoria;;ZAGROS RENDA IMOBILIÁRIA FII RESPONSABIL
GGRC11;26.614.291/0001-00;2026-05-01;2363600563.21;214249664.0;11.03199193;356495.0;3487261497.46;Multicategoria;;ZAGROS RENDA IMOBILIÁRIA FII RESPONSABIL
GGRC11;26.614.291/0001-00;2026-06-01;2361471578.49;214249664.0;11.02205499;372045.0;4244831329.03;Multicategoria;;ZAGROS RENDA IMOBILIÁRIA FII RESPONSABIL
GGRC11;26.614.291/0001-00;2026-07-01;2378493625.66;214246664.0;11.10166003;395823.0;4257827507.58;Multicategoria;;ZAGROS RENDA IMOBILIÁRIA FII RESPONSABIL
GGRC11;26.614.291/0001-00;2026-08-01;3777611904.3;345709457.0;10.92712921;411230.0;4170381102.61;Multicategoria;;ZAGROS RENDA IMOBILIÁRIA FII RESPONSABIL
HGBS11;08.431.747/0001-06;2025-01-01;2777936897.08;12913301.0;215.122136243862;125240.0;3170535792.79;Shoppings;Renda;HEDGE BRASIL SHOPPING FUNDO DE INVESTIMENTO IMOBILIÁRIO
HGBS11;08.431.747/0001-06;2025-02-01;2780658419.8;12913301.0;215.332889692574;126197.0;3176140068.36;Shoppings;Renda;HEDGE BRASIL SHOPPING FUNDO DE INVESTIMENTO IMOBILIÁRIO
HGBS11;08.431.747/0001-06;2025-03-01;2782303984.48;12913301.0;215.460321453051;126920.0;3135125444.36;Shoppings;Renda;HEDGE BRASIL SHOPPING FUNDO DE INVESTIMENTO IMOBILIÁRIO
HGBS11;08.431.747/0001-06;2025-04-01;2778550131.28;12913301.0;215.169624813981;126421.0;3168887475.57;Shoppings;Renda;HEDGE BRASIL SHOPPING FUNDO DE INVESTIMENTO IMOBILIÁRIO
HGBS11;08.431.747/0001-06;2025-05-01;2788017625.59;129133010.0;21.5902783152813;129384.0;3182039259.72;Shoppings;Renda;HEDGE BRASIL SHOPPING FUNDO DE INVESTIMENTO IMOBILIÁRIO
HGBS11;08.431.747/0001-06;2025-06-01;2790289688.28;129133010.0;21.6078730626662;131726.0;3184761060.2;Shoppings;Renda;HEDGE BRASIL SHOPPING FUNDO DE INVESTIMENTO IMOBILIÁRIO
HGBS11;08.431.747/0001-06;2025-07-01;2785197689.35;129133010.0;21.5684408607063;131856.0;3184466788.14;Shoppings;Renda;HEDGE BRASIL SHOPPING FUNDO DE INVESTIMENTO IMOBILIÁRIO
HGBS11;08.431.747/0001-06;2025-08-01;2783066265.17;129133010.0;21.5519352113762;133915.0;3172792964.84;Shoppings;;HEDGE BRASIL SHOPPING FUNDO DE INVESTIMENTO IMOBILIÁRIO
HGBS11;08.431.747/0001-06;2025-09-01;2809814014.57;129133010.0;21.7590685338319;136729.0;3194479134.79;Shoppings;;HEDGE BRASIL SHOPPING FUNDO DE INVESTIMENTO IMOBILIÁRIO
HGBS11;08.431.747/0001-06;2025-10-01;2797935532.64;129133010.0;21.6670821243925;138272.0;3178467576.47;Shoppings;;HEDGE BRASIL SHOPPING FUNDO DE INVESTIMENTO IMOBILIÁRIO
HGBS11;08.431.747/0001-06;2025-11-01;2632105625.39;129133010.0;20.3829030655291;140232.0;3012534658.7;Shoppings;;HEDGE BRASIL SHOPPING FUNDO DE INVESTIMENTO IMOBILIÁRIO
HGBS11;08.431.747/0001-06;2025-12-01;2679452110.69;129133010.0;20.7495520370043;144640.0;3305417276.36;Shoppings;;HEDGE BRASIL SHOPPING FUNDO DE INVESTIMENTO IMOBILIÁRIO
HGBS11;08.431.747/0001-06;2026-01-01;2668558839.35;129133010.0;20.6651950523727;149239.0;3393107060.36;Shoppings;;HEDGE BRASIL SHOPPING FUNDO DE INVESTIMENTO IMOBILIÁRIO
HGBS11;08.431.747/0001-06;2026-02-01;2679044543.9;129133010.0;20.7463958588126;161939.0;3404849503.56;Shoppings;;HEDGE BRASIL SHOPPING FUNDO DE INVESTIMENTO IMOBILIÁRIO
HGBS11;08.431.747/0001-06;2026-03-01;2671636927.73;129133010.0;20.6890316250663;174272.0;3356773121.15;Shoppings;;HEDGE BRASIL SHOPPING FUNDO DE INVESTIMENTO IMOBILIÁRIO
HGBS11;08.431.747/0001-06;2026-04-01;2666618750.34;129133010.0;20.6501710936654;181535.0;3663185342.59;Shoppings;;HEDGE BRASIL SHOPPING FUNDO DE INVESTIMENTO IMOBILIÁRIO
HGBS11;08.431.747/0001-06;2026-05-01;2942000393.2;144355726.0;20.3802126505186;194805.0;3620297069.28;Shoppings;;HEDGE BRASIL SHOPPING FUNDO DE INVESTIMENTO IMOBILIÁRIO
HGBS11;08.431.747/0001-06;2026-06-01;2930204823.44;144355726.0;20.2985008259388;196426.0;3607607427.44;Shoppings;;HEDGE BRASIL SHOPPING FUNDO DE INVESTIMENTO IMOBILIÁRIO
HGBS11;08.431.747/0001-06;2026-07-01;2922626205.6;144355726.0;20.2460012261654;198399.0;3622245094.44;Shoppings;;HEDGE BRASIL SHOPPING FUNDO DE INVESTIMENTO IMOBILIÁRIO
HGBS11;08.431.747/0001-06;2026-08-01;2913123560.27;144355726.0;20.1801732497262;202530.0;3610268799.26;Shoppings;;HEDGE BRASIL SHOPPING FUNDO DE INVESTIMENTO IMOBILIÁRIO
HGCR11;11.160.521/0001-22;2025-01-01;1484253555.44;15418106.0;96.2669186111446;100536.0;1528888166.67;Títulos e Val. Mob.;Títulos e Valores Mobiliários;PÁTRIA RECEBÍVEIS IMOBILIÁRIOS - FII
HGCR11;11.160.521/0001-22;2025-02-01;1474049003.5;15418106.0;95.6050635207723;100995.0;1518761742.07;Títulos e Val. Mob.;Títulos e Valores Mobiliários;PÁTRIA RECEBÍVEIS IMOBILIÁRIOS - FII
HGCR11;11.160.521/0001-22;2025-03-01;1484646731.61;15418106.0;96.292419549457;101698.0;1529367733.76;Títulos e Val. Mob.;Títulos e Valores Mobiliários;PÁTRIA RECEBÍVEIS IMOBILIÁRIOS - FII
HGCR11;11.160.521/0001-22;2025-04-01;1492547914.42;15418106.0;96.8048808602042;101923.0;1537343097.5;Títulos e Val. Mob.;Títulos e Valores Mobiliários;PÁTRIA RECEBÍVEIS IMOBILIÁRIOS - FII
HGCR11;11.160.521/0001-22;2025-05-01;1503945065.49;15418106.0;97.5440865103665;102127.0;1548818103.41;Títulos e Val. Mob.;Títulos e Valores Mobiliários;PÁTRIA RECEBÍVEIS IMOBILIÁRIOS - FII
HGCR11;11.160.521/0001-22;2025-06-01;1505630495.93;15418106.0;97.6534015222103;102040.0;1550463639.61;Títulos e Val. Mob.;Títulos e Valores Mobiliários;PÁTRIA RECEBÍVEIS IMOBILIÁRIOS - FII
HGCR11;11.160.521/0001-22;2025-07-01;1489382118.38;15418106.0;96.5995510979105;100486.0;1542725501.43;Títulos e Val. Mob.;Títulos e Valores Mobiliários;PÁTRIA RECEBÍVEIS IMOBILIÁRIOS - FII
HGCR11;11.160.521/0001-22;2025-08-01;1491699899.78;15418106.0;96.74987964021;100378.0;1545062155.78;Outros;;PÁTRIA RECEBÍVEIS IMOBILIÁRIOS - FII
HGCR11;11.160.521/0001-22;2025-09-01;1494242952.19;15418106.0;96.9148189920344;100374.0;1548536682.06;Outros;;PÁTRIA RECEBÍVEIS IMOBILIÁRIOS - FII
HGCR11;11.160.521/0001-22;2025-10-01;1494462764.96;15418106.0;96.9290757866109;99740.0;1511060185.59;Outros;;PÁTRIA RECEBÍVEIS IMOBILIÁRIOS - FII
HGCR11;11.160.521/0001-22;2025-11-01;1509447075.14;15418106.0;97.9009403061569;99834.0;1525838565.64;Outros;;PÁTRIA RECEBÍVEIS IMOBILIÁRIOS - FII
HGCR11;11.160.521/0001-22;2025-12-01;1517166398.05;15418106.0;98.4016064002933;100257.0;1533749218.48;Outros;;PÁTRIA RECEBÍVEIS IMOBILIÁRIOS - FII
HGCR11;11.160.521/0001-22;2026-01-01;1517657790.44;15418106.0;98.4334775257091;103592.0;1533540154.03;Outros;;PÁTRIA RECEBÍVEIS IMOBILIÁRIOS - FII
HGCR11;11.160.521/0001-22;2026-02-01;1535330919.23;15418106.0;99.5797356192778;103557.0;1551027667.16;Outros;;PÁTRIA RECEBÍVEIS IMOBILIÁRIOS - FII
HGCR11;11.160.521/0001-22;2026-03-01;1521024690.45;15418106.0;98.651850652084;103614.0;1536893075.99;Outros;;PÁTRIA RECEBÍVEIS IMOBILIÁRIOS - FII
HGCR11;11.160.521/0001-22;2026-04-01;1521317478.26;15418106.0;98.6708405208785;103812.0;1537028900.6;Outros;;PÁTRIA RECEBÍVEIS IMOBILIÁRIOS - FII
HGCR11;11.160.521/0001-22;2026-05-01;1518188028.49;15418106.0;98.4678681343869;103812.0;1533826039.24;Outros;;PÁTRIA RECEBÍVEIS IMOBILIÁRIOS - FII
HGCR11;11.160.521/0001-22;2026-06-01;1502794080.27;15418106.0;97.469434979238;104265.0;1518469089.65;Outros;;PÁTRIA RECEBÍVEIS IMOBILIÁRIOS - FII
HGCR11;11.160.521/0001-22;2026-07-01;1501746013.56;15418106.0;97.4014586201444;104326.0;1518280843.95;Outros;;PÁTRIA RECEBÍVEIS IMOBILIÁRIOS - FII
HGCR11;11.160.521/0001-22;2026-08-01;1508480185.02;15418106.0;97.8382289640504;100918.0;1524909226.04;Outros;;PÁTRIA RECEBÍVEIS IMOBILIÁRIOS - FII
HGLG11;11.728.688/0001-47;2025-01-01;5498195629.36;33787575.0;162.728329255947;493996.0;6620249839.16;Logística;Renda;PÁTRIA LOG - FUNDO DE INVESTIMENTO IMOBILIÁRIO
HGLG11;11.728.688/0001-47;2025-02-01;5494304929.21;33787575.0;162.613177453842;495982.0;6597365580.78;Logística;Renda;PÁTRIA LOG - FUNDO DE INVESTIMENTO IMOBILIÁRIO
HGLG11;11.728.688/0001-47;2025-03-01;5497295245.9;33787575.0;162.70168089601;499562.0;6601397126.74;Logística;Renda;PÁTRIA LOG - FUNDO DE INVESTIMENTO IMOBILIÁRIO
HGLG11;11.728.688/0001-47;2025-04-01;5498701129.37;33787575.0;162.743290377306;501396.0;6490214266.28;Logística;Renda;PÁTRIA LOG - FUNDO DE INVESTIMENTO IMOBILIÁRIO
HGLG11;11.728.688/0001-47;2025-05-01;5494909655.29;33787575.0;162.63107533731;504936.0;6453827928.6;Logística;Renda;PÁTRIA LOG - FUNDO DE INVESTIMENTO IMOBILIÁRIO
HGLG11;11.728.688/0001-47;2025-06-01;5498583897.35;33787575.0;162.739820698881;506054.0;6445951551.66;Logística;Renda;PÁTRIA LOG - FUNDO DE INVESTIMENTO IMOBILIÁRIO
HGLG11;11.728.688/0001-47;2025-07-01;5490675367.94;33787575.0;162.505754495255;508517.0;6435681799.66;Logística;Renda;PÁTRIA LOG - FUNDO DE INVESTIMENTO IMOBILIÁRIO
HGLG11;11.728.688/0001-47;2025-08-01;5481068156.41;33787575.0;162.221412942776;511893.0;6423558663.36;Multicategoria;;PÁTRIA LOG - FUNDO DE INVESTIMENTO IMOBILIÁRIO
HGLG11;11.728.688/0001-47;2025-09-01;5490423267.35;33787575.0;162.498293155102;513307.0;6358682702.41;Multicategoria;;PÁTRIA LOG - FUNDO DE INVESTIMENTO IMOBILIÁRIO
HGLG11;11.728.688/0001-47;2025-10-01;5481659231.32;33787575.0;162.238906796951;512965.0;6357064276.08;Multicategoria;;PÁTRIA LOG - FUNDO DE INVESTIMENTO IMOBILIÁRIO
HGLG11;11.728.688/0001-47;2025-11-01;7030245156.84;42404675.0;165.789388949214;516205.0;8315604330.71;Multicategoria;;PÁTRIA LOG - FUNDO DE INVESTIMENTO IMOBILIÁRIO
HGLG11;11.728.688/0001-47;2025-12-01;7063626090.23;42404675.0;166.576588317915;525069.0;8350420491.26;Multicategoria;;PÁTRIA LOG - FUNDO DE INVESTIMENTO IMOBILIÁRIO
HGLG11;11.728.688/0001-47;2026-01-01;7056514999.0;42404675.0;166.408892392171;536031.0;8384622828.19;Multicategoria;;PÁTRIA LOG - FUNDO DE INVESTIMENTO IMOBILIÁRIO
HGLG11;11.728.688/0001-47;2026-02-01;7028329076.74;42404675.0;165.744203362955;544807.0;8340995220.83;Multicategoria;;PÁTRIA LOG - FUNDO DE INVESTIMENTO IMOBILIÁRIO
HGLG11;11.728.688/0001-47;2026-03-01;7026989403.76;42404675.0;165.712610785485;555579.0;8339462292.16;Multicategoria;;PÁTRIA LOG - FUNDO DE INVESTIMENTO IMOBILIÁRIO
HGLG11;11.728.688/0001-47;2026-04-01;7234911197.7;43455524.0;166.490023171738;565330.0;8530026492.76;Multicategoria;;PÁTRIA LOG - FUNDO DE INVESTIMENTO IMOBILIÁRIO
HGLG11;11.728.688/0001-47;2026-05-01;7570056166.4;45601745.0;166.003651097124;573386.0;8868525574.49;Multicategoria;;PÁTRIA LOG - FUNDO DE INVESTIMENTO IMOBILIÁRIO
HGLG11;11.728.688/0001-47;2026-06-01;7597392215.14;45601745.0;166.603102910645;587366.0;8878850947.95;Multicategoria;;PÁTRIA LOG - FUNDO DE INVESTIMENTO IMOBILIÁRIO
HGLG11;11.728.688/0001-47;2026-07-01;7589554105.43;45601745.0;166.431221117306;608345.0;8875438220.18;Multicategoria;;PÁTRIA LOG - FUNDO DE INVESTIMENTO IMOBILIÁRIO
HGLG11;11.728.688/0001-47;2026-08-01;7567668488.14;45601713.0;165.951408188109;608345.0;8850561499.23;Multicategoria;;PÁTRIA LOG - FUNDO DE INVESTIMENTO IMOBILIÁRIO
HGRE11;09.072.017/0001-29;2025-01-01;1821863465.34;11817767.0;154.163088960884;144105.0;1893466179.26;Lajes Corporativas;Renda;PÁTRIA ESCRITÓRIOS FUNDO DE INVESTIMENTO IMOBILIÁRIO
HGRE11;09.072.017/0001-29;2025-02-01;1823944754.43;11817767.0;154.339204219376;143784.0;1894784757.7;Lajes Corporativas;Renda;PÁTRIA ESCRITÓRIOS FUNDO DE INVESTIMENTO IMOBILIÁRIO
HGRE11;09.072.017/0001-29;2025-03-01;1822420082.9;11817767.0;154.210189023019;143234.0;1892476701.84;Lajes Corporativas;Renda;PÁTRIA ESCRITÓRIOS FUNDO DE INVESTIMENTO IMOBILIÁRIO
HGRE11;09.072.017/0001-29;2025-04-01;1823122096.89;11817767.0;154.269592291843;142072.0;1893487398.36;Lajes Corporativas;Renda;PÁTRIA ESCRITÓRIOS FUNDO DE INVESTIMENTO IMOBILIÁRIO
HGRE11;09.072.017/0001-29;2025-05-01;1860496501.87;11817767.0;157.432152949876;141304.0;1929434756.83;Lajes Corporativas;Renda;PÁTRIA ESCRITÓRIOS FUNDO DE INVESTIMENTO IMOBILIÁRIO
HGRE11;09.072.017/0001-29;2025-06-01;1840540878.33;11817767.0;155.743540918517;142900.0;1927982060.29;Lajes Corporativas;Renda;PÁTRIA ESCRITÓRIOS FUNDO DE INVESTIMENTO IMOBILIÁRIO
HGRE11;09.072.017/0001-29;2025-07-01;1841099241.72;11817767.0;155.790788709914;141680.0;1913127065.06;Lajes Corporativas;Renda;PÁTRIA ESCRITÓRIOS FUNDO DE INVESTIMENTO IMOBILIÁRIO
HGRE11;09.072.017/0001-29;2025-08-01;1840413893.02;11817767.0;155.732795630511;141119.0;1911661511.4;Escritórios;;PÁTRIA ESCRITÓRIOS FUNDO DE INVESTIMENTO IMOBILIÁRIO
HGRE11;09.072.017/0001-29;2025-09-01;1841716939.28;11817767.0;155.843057261156;140775.0;1913013761.08;Escritórios;;PÁTRIA ESCRITÓRIOS FUNDO DE INVESTIMENTO IMOBILIÁRIO
HGRE11;09.072.017/0001-29;2025-10-01;1845285138.18;11817767.0;156.144992381386;140438.0;1907550319.47;Escritórios;;PÁTRIA ESCRITÓRIOS FUNDO DE INVESTIMENTO IMOBILIÁRIO
HGRE11;09.072.017/0001-29;2025-11-01;1846604113.94;11817767.0;156.256601940113;140703.0;1907684424.22;Escritórios;;PÁTRIA ESCRITÓRIOS FUNDO DE INVESTIMENTO IMOBILIÁRIO
HGRE11;09.072.017/0001-29;2025-12-01;1745796942.27;11817767.0;147.726464929457;140628.0;1816104238.57;Escritórios;;PÁTRIA ESCRITÓRIOS FUNDO DE INVESTIMENTO IMOBILIÁRIO
HGRE11;09.072.017/0001-29;2026-01-01;1744664843.62;11817767.0;147.630668604314;142846.0;1805086577.19;Escritórios;;PÁTRIA ESCRITÓRIOS FUNDO DE INVESTIMENTO IMOBILIÁRIO
HGRE11;09.072.017/0001-29;2026-02-01;1745863206.45;11817767.0;147.732072095346;143935.0;1805194099.46;Escritórios;;PÁTRIA ESCRITÓRIOS FUNDO DE INVESTIMENTO IMOBILIÁRIO
HGRE11;09.072.017/0001-29;2026-03-01;1744036723.16;11817767.0;147.577518084423;144199.0;1805159903.14;Escritórios;;PÁTRIA ESCRITÓRIOS FUNDO DE INVESTIMENTO IMOBILIÁRIO
HGRE11;09.072.017/0001-29;2026-04-01;1743790177.66;11817767.0;147.55665580985;0.0;1802044150.53;Escritórios;;PÁTRIA ESCRITÓRIOS FUNDO DE INVESTIMENTO IMOBILIÁRIO
HGRE11;09.072.017/0001-29;2026-05-01;1741832777.19;11817767.0;147.391023802551;144569.0;1799205445.4;Escritórios;;PÁTRIA ESCRITÓRIOS FUNDO DE INVESTIMENTO IMOBILIÁRIO
HGRE11;09.072.017/0001-29;2026-06-01;1732042024.9;11817767.0;146.562546452304;143433.0;1796299429.13;Escritórios;;PÁTRIA ESCRITÓRIOS FUNDO DE INVESTIMENTO IMOBILIÁRIO
HGRE11;09.072.017/0001-29;2026-07-01;1732940877.68;11817767.0;146.638605895682;144538.0;1784851532.13;Escritórios;;PÁTRIA ESCRITÓRIOS FUNDO DE INVESTIMENTO IMOBILIÁRIO
HGRE11;09.072.017/0001-29;2026-08-01;1779304317.73;11817767.0;150.561803911856;143912.0;1842697150.54;Escritórios;;PÁTRIA ESCRITÓRIOS FUNDO DE INVESTIMENTO IMOBILIÁRIO
HGRU11;29.641.226/0001-53;2025-01-01;2939483805.14;23238024.0;126.494567917651;212384.0;3386678519.84;Híbrido;Renda;PÁTRIA RENDA URBANA - FUNDO DE INVESTIMENTO IMOBILIÁRIO
HGRU11;29.641.226/0001-53;2025-02-01;2940174720.38;23238024.0;126.524300017075;213976.0;3383361230.95;Híbrido;Renda;PÁTRIA RENDA URBANA - FUNDO DE INVESTIMENTO IMOBILIÁRIO
HGRU11;29.641.226/0001-53;2025-03-01;2954515169.0;23238024.0;127.141411378179;217181.0;3413472117.5;Híbrido;Renda;PÁTRIA RENDA URBANA - FUNDO DE INVESTIMENTO IMOBILIÁRIO
HGRU11;29.641.226/0001-53;2025-04-01;2917800861.15;23238024.0;125.561487549458;219106.0;3375304427.74;Híbrido;Renda;PÁTRIA RENDA URBANA - FUNDO DE INVESTIMENTO IMOBILIÁRIO
HGRU11;29.641.226/0001-53;2025-05-01;2921842289.56;23238024.0;125.735402010085;220556.0;3378992184.74;Híbrido;Renda;PÁTRIA RENDA URBANA - FUNDO DE INVESTIMENTO IMOBILIÁRIO
HGRU11;29.641.226/0001-53;2025-06-01;2968593925.25;23238024.0;127.747261352773;221395.0;3453115341.28;Híbrido;Renda;PÁTRIA RENDA URBANA - FUNDO DE INVESTIMENTO IMOBILIÁRIO
HGRU11;29.641.226/0001-53;2025-07-01;2962053124.98;23238024.0;127.465791625828;221413.0;3429624053.12;Híbrido;Renda;PÁTRIA RENDA URBANA - FUNDO DE INVESTIMENTO IMOBILIÁRIO
HGRU11;29.641.226/0001-53;2025-08-01;2970316021.61;23238024.0;127.821368185608;221186.0;3432096504.77;Outros;;PÁTRIA RENDA URBANA - FUNDO DE INVESTIMENTO IMOBILIÁRIO
HGRU11;29.641.226/0001-53;2025-09-01;2978293688.7;23238024.0;128.164670485752;222198.0;3437874021.73;Outros;;PÁTRIA RENDA URBANA - FUNDO DE INVESTIMENTO IMOBILIÁRIO
HGRU11;29.641.226/0001-53;2025-10-01;2982858378.72;23238024.0;128.361102420757;223362.0;3350267593.44;Outros;;PÁTRIA RENDA URBANA - FUNDO DE INVESTIMENTO IMOBILIÁRIO
HGRU11;29.641.226/0001-53;2025-11-01;2978337839.24;23238024.0;128.166570412355;225228.0;3342055888.11;Outros;;PÁTRIA RENDA URBANA - FUNDO DE INVESTIMENTO IMOBILIÁRIO
HGRU11;29.641.226/0001-53;2025-12-01;3007316899.86;23238024.0;129.413623975085;227764.0;3388518767.72;Outros;;PÁTRIA RENDA URBANA - FUNDO DE INVESTIMENTO IMOBILIÁRIO
HGRU11;29.641.226/0001-53;2026-01-01;3003875760.7;23238024.0;129.265541713013;230224.0;3373274895.34;Outros;;PÁTRIA RENDA URBANA - FUNDO DE INVESTIMENTO IMOBILIÁRIO
HGRU11;29.641.226/0001-53;2026-02-01;3000898507.43;23238024.0;129.137421814781;229702.0;3368386677.76;Outros;;PÁTRIA RENDA URBANA - FUNDO DE INVESTIMENTO IMOBILIÁRIO
HGRU11;29.641.226/0001-53;2026-03-01;2995554185.93;23238024.0;128.907440061599;230866.0;3357101869.11;Outros;;PÁTRIA RENDA URBANA - FUNDO DE INVESTIMENTO IMOBILIÁRIO
HGRU11;29.641.226/0001-53;2026-04-01;2994698294.47;23238024.0;128.870608553894;231706.0;3355518244.87;Outros;;PÁTRIA RENDA URBANA - FUNDO DE INVESTIMENTO IMOBILIÁRIO
HGRU11;29.641.226/0001-53;2026-05-01;2995424135.35;23238024.0;128.901843605549;232223.0;3352306083.34;Outros;;PÁTRIA RENDA URBANA - FUNDO DE INVESTIMENTO IMOBILIÁRIO
HGRU11;29.641.226/0001-53;2026-06-01;2986524120.89;23238024.0;128.518850005921;230263.0;3407670505.88;Outros;;PÁTRIA RENDA URBANA - FUNDO DE INVESTIMENTO IMOBILIÁRIO
HGRU11;29.641.226/0001-53;2026-07-01;3183738355.82;24834204.0;128.199734359112;231215.0;3542456383.81;Outros;;PÁTRIA RENDA URBANA - FUNDO DE INVESTIMENTO IMOBILIÁRIO
HGRU11;29.641.226/0001-53;2026-08-01;3181472851.52;24834204.0;128.108509196429;232516.0;3539516844.77;Outros;;PÁTRIA RENDA URBANA - FUNDO DE INVESTIMENTO IMOBILIÁRIO
HSML11;32.892.018/0001-31;2025-01-01;2277175043.02;20808572.0;109.434469747371;192820.0;2942848432.23;Shoppings;Renda;HSI - MALLS FII
HSML11;32.892.018/0001-31;2025-02-01;2275796709.74;20808572.0;109.368231022292;193173.0;2938299150.78;Shoppings;Renda;HSI - MALLS FII
HSML11;32.892.018/0001-31;2025-03-01;2270095987.33;20808572.0;109.094270732754;190760.0;2927746468.07;Shoppings;Renda;HSI - MALLS FII
HSML11;32.892.018/0001-31;2025-04-01;2264672716.24;20808572.0;108.83364395404;189765.0;2924620036.03;Shoppings;Renda;HSI - MALLS FII RESP. LIMITADA
HSML11;32.892.018/0001-31;2025-05-01;2266561924.82;20808572.0;108.924433873694;188982.0;2920651089.78;Shoppings;Renda;HSI - MALLS FII RESP. LIMITADA
HSML11;32.892.018/0001-31;2025-06-01;2182644730.91;20808572.0;104.891615383795;188980.0;2828056392.46;Shoppings;Renda;HSI - MALLS FII RESP. LIMITADA
HSML11;32.892.018/0001-31;2025-07-01;2177205874.86;20808572.0;104.630239636819;186027.0;2822886992.7;Shoppings;Renda;HSI - MALLS FII RESP. LIMITADA
HSML11;32.892.018/0001-31;2025-08-01;2220513169.05;21329976.0;104.102937999086;186907.0;2917944797.36;Multicategoria;;HSI - MALLS FII RESP. LIMITADA
HSML11;32.892.018/0001-31;2025-09-01;2219330332.65;21329976.0;104.047483815734;186783.0;2918384753.56;Shoppings;;HSI - MALLS FII RESP. LIMITADA
HSML11;32.892.018/0001-31;2025-10-01;2220369178.69;21329976.0;104.096187388584;185929.0;2912770141.74;Shoppings;;HSI - MALLS FII RESP. LIMITADA
HSML11;32.892.018/0001-31;2025-11-01;2221883401.07;21329976.0;104.167177734752;186386.0;2860993504.46;Shoppings;;HSI - MALLS FII RESP. LIMITADA
HSML11;32.892.018/0001-31;2025-12-01;2236031475.09;21329976.0;104.830473090546;184837.0;2900787382.85;Shoppings;;HSI - MALLS FII RESP. LIMITADA
HSML11;32.892.018/0001-31;2026-01-01;2216026875.38;21329976.0;103.892609882918;184556.0;2875455787.79;Shoppings;;HSI - MALLS FII RESP. LIMITADA
HSML11;32.892.018/0001-31;2026-02-01;2219515185.01;21329976.0;104.056150133971;190493.0;2876599335.11;Shoppings;;HSI - MALLS FII RESP. LIMITADA
HSML11;32.892.018/0001-31;2026-03-01;2216407942.16;21329976.0;103.910475199785;191533.0;2873349347.04;Shoppings;;HSI - MALLS FII RESP. LIMITADA
HSML11;32.892.018/0001-31;2026-04-01;2210915209.2;21329976.0;103.652962816273;191429.0;2866129495.83;Shoppings;;HSI - MALLS FII RESP. LIMITADA
HSML11;32.892.018/0001-31;2026-05-01;2222527268.64;21329976.0;104.197363777625;191016.0;2859302072.62;Shoppings;;HSI - MALLS FII RESP. LIMITADA
HSML11;32.892.018/0001-31;2026-06-01;2134211186.25;21329976.0;100.056895809447;189962.0;2736270386.94;Shoppings;;HSI - MALLS FII RESP. LIMITADA
HSML11;32.892.018/0001-31;2026-07-01;2126012239.06;21329976.0;99.6725096671464;188703.0;2725610209.46;Shoppings;;HSI - MALLS FII RESP. LIMITADA
HSML11;32.892.018/0001-31;2026-08-01;2110218553.13;21329976.0;98.9320641115583;186884.0;2692243188.16;Shoppings;;HSI - MALLS FII RESP. LIMITADA
KNCR11;16.706.958/0001-32;2025-01-01;7773003350.78;76539115.0;101.555960645482;387723.0;8574917336.43;Títulos e Val. Mob.;Títulos e Valores Mobiliários;KINEA RENDIMENTOS IMOBILIÁRIOS FII
KNCR11;16.706.958/0001-32;2025-02-01;7780231677.19;76565079.0;101.615929596181;388896.0;8588586325.21;Títulos e Val. Mob.;Títulos e Valores Mobiliários;KINEA RENDIMENTOS IMOBILIÁRIOS FII
KNCR11;16.706.958/0001-32;2025-03-01;7788648901.14;76584030.0;101.700692704993;392197.0;8601461432.5;Títulos e Val. Mob.;Títulos e Valores Mobiliários;KINEA RENDIMENTOS IMOBILIÁRIOS FII
KNCR11;16.706.958/0001-32;2025-04-01;7783806997.98;76509724.0;101.736179285917;401191.0;8613677220.05;Títulos e Val. Mob.;Títulos e Valores Mobiliários;KINEA RENDIMENTOS IMOBILIÁRIOS FII
KNCR11;16.706.958/0001-32;2025-05-01;7790651802.29;76509724.0;101.825642480294;407938.0;8615045485.14;Títulos e Val. Mob.;Títulos e Valores Mobiliários;KINEA RENDIMENTOS IMOBILIÁRIOS FII
KNCR11;16.706.958/0001-32;2025-06-01;7790099315.25;76509724.0;101.81842134537;414915.0;8493796227.0;Títulos e Val. Mob.;Títulos e Valores Mobiliários;KINEA RENDIMENTOS IMOBILIÁRIOS FII
KNCR11;16.706.958/0001-32;2025-07-01;7795021865.06;76509724.0;101.882760223524;424325.0;8519005960.42;Títulos e Val. Mob.;Títulos e Valores Mobiliários;KINEA RENDIMENTOS IMOBILIÁRIOS FII
KNCR11;16.706.958/0001-32;2025-08-01;7782226582.36;76509724.0;101.715522883862;431998.0;8512711124.21;Multicategoria;;KINEA RENDIMENTOS IMOBILIARIOS FII RESPONSABILIDADE LIMITADA
KNCR11;16.706.958/0001-32;2025-09-01;7801759494.62;76509724.0;101.970822618835;444401.0;8540278192.36;Multicategoria;;KINEA RENDIMENTOS IMOBILIARIOS FII RESPONSABILIDADE LIMITADA
KNCR11;16.706.958/0001-32;2025-10-01;9171360996.84;89911115.0;102.004752102563;455519.0;9938722891.24;Multicategoria;;KINEA RENDIMENTOS IMOBILIARIOS FII RESPONSABILIDADE LIMITADA
KNCR11;16.706.958/0001-32;2025-11-01;9403069963.17;92078102.0;102.120588488781;466583.0;9519112733.52;Multicategoria;;KINEA RENDIMENTOS IMOBILIARIOS FII RESPONSABILIDADE LIMITADA
KNCR11;16.706.958/0001-32;2025-12-01;9741403716.0;95264832.0;102.256032068581;478976.0;9880725282.76;Multicategoria;;KINEA RENDIMENTOS IMOBILIARIOS FII RESPONSABILIDADE LIMITADA
KNCR11;16.706.958/0001-32;2026-01-01;10381050207.72;101508771.0;102.267519402043;497709.0;10529985500.46;Multicategoria;;KINEA RENDIMENTOS IMOBILIARIOS FII RESPONSABILIDADE LIMITADA
KNCR11;16.706.958/0001-32;2026-02-01;10954106977.35;107089622.0;102.289155314695;510621.0;11097873988.88;Multicategoria;;KINEA RENDIMENTOS IMOBILIARIOS FII RESPONSABILIDADE LIMITADA
KNCR11;16.706.958/0001-32;2026-03-01;10962220583.14;107089622.0;102.364919946585;542237.0;11099679567.64;Multicategoria;;KINEA RENDIMENTOS IMOBILIARIOS FII RESPONSABILIDADE LIMITADA
KNCR11;16.706.958/0001-32;2026-04-01;10964349587.96;107089622.0;102.384800536134;549972.0;11094628084.36;Multicategoria;;KINEA RENDIMENTOS IMOBILIARIOS FII RESPONSABILIDADE LIMITADA
KNCR11;16.706.958/0001-32;2026-05-01;10963961899.61;107089622.0;102.381180312785;558989.0;11094140356.96;Multicategoria;;KINEA RENDIMENTOS IMOBILIARIOS FII RESPONSABILIDADE LIMITADA
KNCR11;16.706.958/0001-32;2026-06-01;10974808568.74;107089622.0;102.482466216381;592231.0;11102998685.27;Multicategoria;;KINEA RENDIMENTOS IMOBILIARIOS FII RESPONSABILIDADE LIMITADA
KNCR11;16.706.958/0001-32;2026-07-01;10978689824.66;107089622.0;102.518709279411;578802.0;11124050922.01;Multicategoria;;KINEA RENDIMENTOS IMOBILIARIOS FII RESPONSABILIDADE LIMITADA
KNCR11;16.706.958/0001-32;2026-08-01;10991179817.17;107089622.0;102.635340492377;586131.0;11125061857.31;Multicategoria;;KINEA RENDIMENTOS IMOBILIARIOS FII RESPONSABILIDADE LIMITADA
KNIP11;24.960.430/0001-13;2025-01-01;7304904495.7;80078186.0;91.222152506052;74138.0;7977189522.68;Títulos e Val. Mob.;Títulos e Valores Mobiliários;KINEA INDICES DE PREÇOS FII
KNIP11;24.960.430/0001-13;2025-02-01;7273233011.82;80078186.0;90.8266454964402;73592.0;7916144689.45;Títulos e Val. Mob.;Títulos e Valores Mobiliários;KINEA INDICES DE PREÇOS FII
KNIP11;24.960.430/0001-13;2025-03-01;7254411792.08;80078186.0;90.5916099558;73091.0;7918929165.93;Títulos e Val. Mob.;Títulos e Valores Mobiliários;KINEA INDICES DE PREÇOS FII
KNIP11;24.960.430/0001-13;2025-04-01;7394444153.89;80078186.0;92.3403054346161;72815.0;8076205576.65;Títulos e Val. Mob.;Títulos e Valores Mobiliários;KINEA INDICES DE PREÇOS FII
KNIP11;24.960.430/0001-13;2025-05-01;7382021643.95;80078186.0;92.1851756725608;72797.0;8150965237.09;Títulos e Val. Mob.;Títulos e Valores Mobiliários;KINEA INDICES DE PREÇOS FII
KNIP11;24.960.430/0001-13;2025-06-01;7381774473.4;80078186.0;92.1820890573121;72779.0;8140259963.79;Títulos e Val. Mob.;Títulos e Valores Mobiliários;KINEA INDICES DE PREÇOS FII
KNIP11;24.960.430/0001-13;2025-07-01;7273157174.44;80078186.0;90.8256984547577;72634.0;8041254235.77;Títulos e Val. Mob.;Títulos e Valores Mobiliários;KINEA INDICES DE PREÇOS FII
KNIP11;24.960.430/0001-13;2025-08-01;7342020555.38;80078186.0;91.6856502641056;71968.0;8198623896.23;Multicategoria;;KINEA INDICES DE PREÇOS FII RESPONSABILIDADE LIMITADA
KNIP11;24.960.430/0001-13;2025-09-01;7306529480.65;80078186.0;91.2424449855795;72162.0;8086970080.02;Multicategoria;;KINEA INDICES DE PREÇOS FII RESPONSABILIDADE LIMITADA
KNIP11;24.960.430/0001-13;2025-10-01;7327652282.06;80078186.0;91.5062222071314;71634.0;8001478758.81;Multicategoria;;KINEA INDICES DE PREÇOS FII RESPONSABILIDADE LIMITADA
KNIP11;24.960.430/0001-13;2025-11-01;7405211006.69;80078186.0;92.4747596891118;71114.0;8092554472.68;Multicategoria;;KINEA INDICES DE PREÇOS FII RESPONSABILIDADE LIMITADA
KNIP11;24.960.430/0001-13;2025-12-01;7419070211.58;80078186.0;92.6478306037052;70745.0;8260363180.85;Multicategoria;;KINEA INDICES DE PREÇOS FII RESPONSABILIDADE LIMITADA
KNIP11;24.960.430/0001-13;2026-01-01;7454825543.59;80078186.0;93.0943358730679;71117.0;8305333240.61;Multicategoria;;KINEA INDICES DE PREÇOS FII RESPONSABILIDADE LIMITADA
KNIP11;24.960.430/0001-13;2026-02-01;7546520649.44;80078186.0;94.2394055909308;71587.0;8358974057.42;Multicategoria;;KINEA INDICES DE PREÇOS FII RESPONSABILIDADE LIMITADA
KNIP11;24.960.430/0001-13;2026-03-01;7482701494.7;80078186.0;93.4424450461453;71876.0;8337357111.46;Multicategoria;;KINEA INDICES DE PREÇOS FII RESPONSABILIDADE LIMITADA
KNIP11;24.960.430/0001-13;2026-04-01;7521419655.96;80078186.0;93.9259495208845;72303.0;8213040664.89;Multicategoria;;KINEA INDICES DE PREÇOS FII RESPONSABILIDADE LIMITADA
KNIP11;24.960.430/0001-13;2026-05-01;7481169020.6;80078186.0;93.4233078231817;72653.0;8191202629.45;Multicategoria;;KINEA INDICES DE PREÇOS FII RESPONSABILIDADE LIMITADA
KNIP11;24.960.430/0001-13;2026-06-01;7371778950.42;80078186.0;92.0572670117677;75269.0;8078402564.37;Multicategoria;;KINEA INDICES DE PREÇOS FII RESPONSABILIDADE LIMITADA
KNIP11;24.960.430/0001-13;2026-07-01;7435551675.84;80078186.0;92.8536477567062;73168.0;8003372459.59;Multicategoria;;KINEA INDICES DE PREÇOS FII RESPONSABILIDADE LIMITADA
KNIP11;24.960.430/0001-13;2026-08-01;7478029611.87;80078186.0;93.3841035293931;72683.0;7752414737.75;Multicategoria;;KINEA INDICES DE PREÇOS FII RESPONSABILIDADE LIMITADA
KNRI11;12.005.956/0001-65;2025-01-01;4548826342.26;28204047.0;161.282752870891;291274.0;4975915121.2;Híbrido;Renda;KINEA RENDA IMOBILIARIA FII
KNRI11;12.005.956/0001-65;2025-02-01;4545721683.84;28204047.0;161.17267439811;294028.0;4981536687.22;Híbrido;Renda;KINEA RENDA IMOBILIARIA FII
KNRI11;12.005.956/0001-65;2025-03-01;4547151519.19;28204047.0;161.223370503885;297208.0;4979554600.7;Híbrido;Renda;KINEA RENDA IMOBILIARIA FII
KNRI11;12.005.956/0001-65;2025-04-01;4560889697.37;28204047.0;161.710470038927;298421.0;4991845126.97;Híbrido;Renda;KINEA RENDA IMOBILIARIA FII
KNRI11;12.005.956/0001-65;2025-05-01;4564412998.68;28204047.0;161.835391874081;300032.0;5008834437.67;Híbrido;Renda;KINEA RENDA IMOBILIARIA FII
KNRI11;12.005.956/0001-65;2025-06-01;4598154320.06;28204047.0;163.031720946288;299245.0;5039095345.84;Híbrido;Renda;KINEA RENDA IMOBILIARIA FII
KNRI11;12.005.956/0001-65;2025-07-01;4598316578.7;28204047.0;163.03747397315;298824.0;5036840225.94;Híbrido;Renda;KINEA RENDA IMOBILIARIA FII
KNRI11;12.005.956/0001-65;2025-08-01;4604433676.59;28204047.0;163.254361212418;298736.0;5032942832.15;Multicategoria;;KINEA RENDA IMOBILIARIA FII RESPONSABILIDADE LIMITADA
KNRI11;12.005.956/0001-65;2025-09-01;4606086252.04;28204047.0;163.312954769931;299922.0;5028780559.45;Multicategoria;;KINEA RENDA IMOBILIARIA FII RESPONSABILIDADE LIMITADA
KNRI11;12.005.956/0001-65;2025-10-01;4606809151.75;28204047.0;163.33858583309;300924.0;5055617655.13;Multicategoria;;KINEA RENDA IMOBILIARIA FII RESPONSABILIDADE LIMITADA
KNRI11;12.005.956/0001-65;2025-11-01;4609536063.29;28204047.0;163.435270948527;301705.0;5050700928.6;Multicategoria;;KINEA RENDA IMOBILIARIA FII RESPONSABILIDADE LIMITADA
KNRI11;12.005.956/0001-65;2025-12-01;4602845516.98;28204047.0;163.198051576783;303496.0;5044951546.81;Multicategoria;;KINEA RENDA IMOBILIARIA FII RESPONSABILIDADE LIMITADA
KNRI11;12.005.956/0001-65;2026-01-01;4622495428.16;28204047.0;163.894756953142;305827.0;5053904299.65;Multicategoria;;KINEA RENDA IMOBILIARIA FII RESPONSABILIDADE LIMITADA
KNRI11;12.005.956/0001-65;2026-02-01;4625592118.9;28204047.0;164.004552924621;307099.0;5059244465.39;Multicategoria;;KINEA RENDA IMOBILIARIA FII RESPONSABILIDADE LIMITADA
KNRI11;12.005.956/0001-65;2026-03-01;4612260871.67;28204047.0;163.531881494525;308643.0;5044155531.17;Multicategoria;;KINEA RENDA IMOBILIARIA FII RESPONSABILIDADE LIMITADA
KNRI11;12.005.956/0001-65;2026-04-01;4609373328.95;28204047.0;163.429501055292;307439.0;5037594948.93;Multicategoria;;KINEA RENDA IMOBILIARIA FII RESPONSABILIDADE LIMITADA
KNRI11;12.005.956/0001-65;2026-05-01;4601415318.82;28204047.0;163.147342607251;313130.0;5027097769.6;Multicategoria;;KINEA RENDA IMOBILIARIA FII RESPONSABILIDADE LIMITADA
KNRI11;12.005.956/0001-65;2026-06-01;4611769029.21;28204047.0;163.51444277518;323346.0;5041090814.47;Multicategoria;;KINEA RENDA IMOBILIARIA FII RESPONSABILIDADE LIMITADA
KNRI11;12.005.956/0001-65;2026-07-01;4608084808.54;28204047.0;163.383815398549;313347.0;5025484937.5;Multicategoria;;KINEA RENDA IMOBILIARIA FII RESPONSABILIDADE LIMITADA
KNRI11;12.005.956/0001-65;2026-08-01;4613026520.42;28204047.0;163.559028263568;313382.0;5029785448.14;Multicategoria;;KINEA RENDA IMOBILIARIA FII RESPONSABILIDADE LIMITADA
KNSC11;35.864.448/0001-38;2025-01-01;1762364016.15;202202385.0;8.71584188361576;189078.0;1963798690.02;Títulos e Val. Mob.;Títulos e Valores Mobiliários;KINEA SECURITIES FUNDO DE INVESTIMENTO IMOBILIÁRIO - FII
KNSC11;35.864.448/0001-38;2025-02-01;1756025170.41;202202385.0;8.68449286792537;197407.0;1957009814.21;Títulos e Val. Mob.;Títulos e Valores Mobiliários;KINEA SECURITIES FUNDO DE INVESTIMENTO IMOBILIÁRIO - FII
KNSC11;35.864.448/0001-38;2025-03-01;1757299035.18;202202385.0;8.69079281720638;200213.0;1962041943.46;Títulos e Val. Mob.;Títulos e Valores Mobiliários;KINEA SECURITIES FUNDO DE INVESTIMENTO IMOBILIÁRIO - FII
KNSC11;35.864.448/0001-38;2025-04-01;1778512951.22;202202385.0;8.79570708931054;208091.0;1992045595.93;Títulos e Val. Mob.;Títulos e Valores Mobiliários;KINEA SECURITIES FUNDO DE INVESTIMENTO IMOBILIÁRIO - FII
KNSC11;35.864.448/0001-38;2025-05-01;1780166026.45;202202385.0;8.80388243912158;215704.0;1993637538.56;Títulos e Val. Mob.;Títulos e Valores Mobiliários;KINEA SECURITIES FUNDO DE INVESTIMENTO IMOBILIÁRIO - FII
KNSC11;35.864.448/0001-38;2025-06-01;1781246617.52;202202385.0;8.80922654557215;219913.0;1994349016.46;Títulos e Val. Mob.;Títulos e Valores Mobiliários;KINEA SECURITIES FUNDO DE INVESTIMENTO IMOBILIÁRIO - FII
KNSC11;35.864.448/0001-38;2025-07-01;1765877919.27;202202385.0;8.73322003234532;222343.0;1983725672.22;Títulos e Val. Mob.;Títulos e Valores Mobiliários;KINEA SECURITIES FUNDO DE INVESTIMENTO IMOBILIÁRIO - FII
KNSC11;35.864.448/0001-38;2025-08-01;1771742851.04;202202385.0;8.76222528750094;225562.0;1989659918.77;Multicategoria;;KINEA SECURITIES FII RESPONSABILIDADE LIMITADA
KNSC11;35.864.448/0001-38;2025-09-01;1770387590.08;202202385.0;8.75552279009963;230776.0;1973441008.21;Multicategoria;;KINEA SECURITIES FII RESPONSABILIDADE LIMITADA
KNSC11;35.864.448/0001-38;2025-10-01;1771467856.23;202202385.0;8.76086528964532;235616.0;1974926020.72;Multicategoria;;KINEA SECURITIES FII RESPONSABILIDADE LIMITADA
KNSC11;35.864.448/0001-38;2025-11-01;1782133859.07;202202385.0;8.81361443422144;241761.0;1987182428.87;Multicategoria;;KINEA SECURITIES FII RESPONSABILIDADE LIMITADA
KNSC11;35.864.448/0001-38;2025-12-01;1779084568.15;202202385.0;8.79853404375028;247940.0;1986623566.95;Multicategoria;;KINEA SECURITIES FII RESPONSABILIDADE LIMITADA
KNSC11;35.864.448/0001-38;2026-01-01;1778215373.83;202202385.0;8.79423540840035;256013.0;1987942812.6;Multicategoria;;KINEA SECURITIES FII RESPONSABILIDADE LIMITADA
KNSC11;35.864.448/0001-38;2026-02-01;1786052596.98;202202385.0;8.83299470963213;257675.0;1983923809.03;Multicategoria;;KINEA SECURITIES FII RESPONSABILIDADE LIMITADA
KNSC11;35.864.448/0001-38;2026-03-01;1777015638.91;202202385.0;8.7883020712639;258290.0;1982986398.69;Multicategoria;;KINEA SECURITIES FII RESPONSABILIDADE LIMITADA
KNSC11;35.864.448/0001-38;2026-04-01;1777820651.78;202202385.0;8.79228329468023;261873.0;1976341285.1;Multicategoria;;KINEA SECURITIES FII RESPONSABILIDADE LIMITADA
KNSC11;35.864.448/0001-38;2026-05-01;1771689563.66;202202385.0;8.7619617526272;265223.0;1973428508.45;Multicategoria;;KINEA SECURITIES FII RESPONSABILIDADE LIMITADA
KNSC11;35.864.448/0001-38;2026-06-01;1759468029.82;202202385.0;8.70151966713943;283875.0;1962093555.2;Multicategoria;;KINEA SECURITIES FII RESPONSABILIDADE LIMITADA
KNSC11;35.864.448/0001-38;2026-07-01;1765949116.43;202202385.0;8.73357214075393;268171.0;1972322806.77;Multicategoria;;KINEA SECURITIES FII RESPONSABILIDADE LIMITADA
KNSC11;35.864.448/0001-38;2026-08-01;1788939459.44;204155167.0;8.76264600954234;269532.0;1993657533.75;Multicategoria;;KINEA SECURITIES FII RESPONSABILIDADE LIMITADA
MCCI11;23.648.935/0001-84;2025-01-01;1544775961.69;16960024.0;91.083359;103737.0;1545899557.76;Títulos e Val. Mob.;Títulos e Valores Mobiliários;MAUA CAPITAL RE FII
MCCI11;23.648.935/0001-84;2025-02-01;1547120703.63;16960024.0;91.221611;102427.0;1548246082.92;Títulos e Val. Mob.;Títulos e Valores Mobiliários;MAUA CAPITAL RE FII
MCCI11;23.648.935/0001-84;2025-03-01;1563930061.85;16960024.0;92.212727;102695.0;1565155846.26;Títulos e Val. Mob.;Títulos e Valores Mobiliários;MAUA CAPITAL RE FII
MCCI11;23.648.935/0001-84;2025-04-01;1594497204.94;16960024.0;94.015032;105203.0;1595756791.53;Títulos e Val. Mob.;Títulos e Valores Mobiliários;MAUA CAPITAL RE FII
MCCI11;23.648.935/0001-84;2025-05-01;1599614116.26;16960024.0;94.316737;107288.0;1600927520.94;Títulos e Val. Mob.;Títulos e Valores Mobiliários;MAUA CAP RE FII RL
MCCI11;23.648.935/0001-84;2025-06-01;1600526696.03;16960024.0;94.370544;108567.0;1601780360.19;Títulos e Val. Mob.;Títulos e Valores Mobiliários;MAUA CAP RE FII RL
MCCI11;23.648.935/0001-84;2025-07-01;1579333452.06;16960024.0;93.120944;108383.0;1580571649.75;Títulos e Val. Mob.;Títulos e Valores Mobiliários;MAUA CAP RE FII RL
MCCI11;23.648.935/0001-84;2025-08-01;1583325856.34;16960024.0;93.356345;110036.0;1584585971.36;Multicategoria;;MAUA CAP RE FII RL
MCCI11;23.648.935/0001-84;2025-09-01;1579926195.16;16960024.0;93.155894;111023.0;1581244731.3;Outros;;MAUA CAP RE FII RL
MCCI11;23.648.935/0001-84;2025-10-01;1582612669.76;16960024.0;93.314294;111567.0;1583909960.82;Outros;;MAUA CAP RE FII RL
MCCI11;23.648.935/0001-84;2025-11-01;1582631527.39;16960024.0;93.315406;111925.0;1618889586.13;Multicategoria;;MAUA CAP RE FII RL
MCCI11;23.648.935/0001-84;2025-12-01;1611852388.13;16960024.0;95.038332;113465.0;1613209045.21;Multicategoria;;MAUA CAP RE FII RL
MCCI11;23.648.935/0001-84;2026-01-01;1622624386.69;16960024.0;95.673472;115648.0;1623970751.11;Multicategoria;;MAUA CAP RE FII RL
MCCI11;23.648.935/0001-84;2026-02-01;1623000070.17;16960024.0;95.695623;118856.0;1624374894.56;Multicategoria;;MAUA CAP RE FII RL
MCCI11;23.648.935/0001-84;2026-03-01;1613492898.72;16960024.0;95.13506;121675.0;1614810591.47;Multicategoria;;MAUA CAP RE FII RL
MCCI11;23.648.935/0001-84;2026-04-01;1618854890.12;16960024.0;95.451215;123658.0;1620158708.18;Multicategoria;;MAUA CAP RE FII RL
MCCI11;23.648.935/0001-84;2026-05-01;1608480585.47;16960024.0;94.839523;124940.0;1609767785.64;Multicategoria;;MAUA CAP RE FII RL
MCCI11;23.648.935/0001-84;2026-06-01;1591037454.55;16960024.0;93.811038;125229.0;1592352934.02;Multicategoria;;MAUA CAP RE FII RL
MCCI11;23.648.935/0001-84;2026-07-01;1594206894.77;16960024.0;93.997915;125262.0;1595685798.93;Multicategoria;;MAUA CAP RE FII RL
MCCI11;23.648.935/0001-84;2026-08-01;1594373850.45;16960024.0;94.007759;125253.0;1595711713.32;Multicategoria;;MAUA CAP RE FII RL
MXRF11;97.521.225/0001-25;2025-01-01;4004320018.64;437325297.0;9.156388;1272653.0;4047303939.9;Híbrido;Híbrido;FII MAXI RENDA
MXRF11;97.521.225/0001-25;2025-02-01;4019083257.94;437325297.0;9.190146;1273334.0;4061610790.81;Híbrido;Híbrido;FII MAXI RENDA
MXRF11;97.521.225/0001-25;2025-03-01;4052118592.96;437325297.0;9.265685;1280849.0;4094821360.88;Híbrido;Híbrido;FII MAXI RENDA
MXRF11;97.521.225/0001-25;2025-04-01;4111884080.9;437325297.0;9.402347;1290269.0;4157582008.15;Híbrido;Híbrido;FII MAXI RENDA
MXRF11;97.521.225/0001-25;2025-05-01;4128474992.08;437325297.0;9.440284;1303948.0;4175124546.37;Híbrido;Híbrido;FII MAXI RENDA
MXRF11;97.521.225/0001-25;2025-06-01;4148018667.95;437325297.0;9.484973;1314632.0;4195502052.47;Híbrido;Híbrido;FII MAXI RENDA RL
MXRF11;97.521.225/0001-25;2025-07-01;4121346798.72;437325297.0;9.423984;1321795.0;4168884477.49;Híbrido;Híbrido;FII MAXI RENDA RL
MXRF11;97.521.225/0001-25;2025-08-01;4154120032.52;437325297.0;9.498925;1325308.0;4201205461.02;Logística;;FII MAXI RENDA RL
MXRF11;97.521.225/0001-25;2025-09-01;4117015862.52;437325297.0;9.414081;1331737.0;4164142853.55;Logística;;FII MAXI RENDA RL
MXRF11;97.521.225/0001-25;2025-10-01;4120929201.63;437325297.0;9.42303;1331813.0;4176788952.96;Logística;;FII MAXI RENDA RL
MXRF11;97.521.225/0001-25;2025-11-01;4337400581.29;460269531.0;9.42361;1339326.0;4386052352.65;Logística;;FII MAXI RENDA RL
MXRF11;97.521.225/0001-25;2025-12-01;4331102591.0;460269531.0;9.409927;1357621.0;4375754945.95;Logística;;FII MAXI RENDA RL
MXRF11;97.521.225/0001-25;2026-01-01;4356171528.14;460269531.0;9.464393;1389786.0;4403408479.44;Logística;;FII MAXI RENDA RL
MXRF11;97.521.225/0001-25;2026-02-01;4407416704.26;460269531.0;9.57573;1402221.0;4519660435.3;Logística;;FII MAXI RENDA RL
MXRF11;97.521.225/0001-25;2026-03-01;4316720449.78;460269531.0;9.37868;1423541.0;4427495327.37;Logística;;FII MAXI RENDA RL
MXRF11;97.521.225/0001-25;2026-04-01;4316748113.3;460269531.0;9.37874;1453148.0;4431403046.81;Logística;;FII MAXI RENDA RL
MXRF11;97.521.225/0001-25;2026-05-01;4313692471.65;460269531.0;9.372101;1468513.0;4427653745.07;Logística;;FII MAXI RENDA RL
MXRF11;97.521.225/0001-25;2026-06-01;4247955314.21;460269531.0;9.229278;1485336.0;4364685560.21;Logística;;FII MAXI RENDA RL
MXRF11;97.521.225/0001-25;2026-07-01;5253747540.01;567206273.0;9.262499;1509087.0;5367034055.79;Logística;;FII MAXI RENDA RL
MXRF11;97.521.225/0001-25;2026-08-01;5252427199.9;567206273.0;9.260171;1529305.0;5372775786.1;Logística;;FII MAXI RENDA RL
PCIP11;28.729.197/0001-13;2025-01-01;1006747155.48;11010228.0;91.4374484779062;87733.0;1019189717.09;Títulos e Val. Mob.;Títulos e Valores Mobiliários;FUNDO DE INVESTIMENTO IMOBILIARIO VBI CRI
PCIP11;28.729.197/0001-13;2025-02-01;1002106042.13;11010228.0;91.0159210263402;86783.0;1014458935.23;Títulos e Val. Mob.;Títulos e Valores Mobiliários;FUNDO DE INVESTIMENTO IMOBILIARIO VBI CRI
PCIP11;28.729.197/0001-13;2025-03-01;1002223656.44;11010228.0;91.0266033037645;86299.0;1014531831.35;Títulos e Val. Mob.;Títulos e Valores Mobiliários;FUNDO DE INVESTIMENTO IMOBILIARIO VBI CRI
PCIP11;28.729.197/0001-13;2025-04-01;1014585861.44;11010228.0;92.1493961287632;87082.0;1026936947.21;Títulos e Val. Mob.;Títulos e Valores Mobiliários;FUNDO DE INVESTIMENTO IMOBILIARIO VBI CRI
PCIP11;28.729.197/0001-13;2025-05-01;1015164163.85;11010228.0;92.2019202372558;87096.0;1027569745.08;Títulos e Val. Mob.;Títulos e Valores Mobiliários;FUNDO DE INVESTIMENTO IMOBILIARIO VBI CRI
PCIP11;28.729.197/0001-13;2025-06-01;1014208936.99;11010228.0;92.1151621010936;84443.0;1026561410.87;Títulos e Val. Mob.;Títulos e Valores Mobiliários;FUNDO DE INVESTIMENTO IMOBILIARIO VBI CRI
PCIP11;28.729.197/0001-13;2025-07-01;1019760053.98;11010228.0;92.6193403061226;84172.0;1032236939.41;Títulos e Val. Mob.;Títulos e Valores Mobiliários;FUNDO DE INVESTIMENTO IMOBILIARIO VBI CRI
PCIP11;28.729.197/0001-13;2025-08-01;1022623950.41;11010228.0;92.8794526698266;83720.0;1590947020.39;Outros;;FUNDO DE INVESTIMENTO IMOBILIARIO VBI CRI
PCIP11;28.729.197/0001-13;2025-09-01;1579141666.56;17011707.0;92.8267613920226;113265.0;1594898284.48;Outros;;FUNDO DE INVESTIMENTO IMOBILIARIO VBI CRI
PCIP11;28.729.197/0001-13;2025-10-01;1580907734.6;17011707.0;92.9305762555163;113489.0;1597577959.42;Outros;;PATRIA CREDITO IMOBILIARIO INDICE DE PRECOS FII RESP LTDA
PCIP11;28.729.197/0001-13;2025-11-01;1588449973.72;17011707.0;93.3739320645483;113489.0;1603720795.22;Outros;;PATRIA CREDITO IMOBILIARIO INDICE DE PRECOS FII RESP LTDA
PCIP11;28.729.197/0001-13;2025-12-01;1576200688.24;17011707.0;92.6538817203941;118489.0;1592520684.96;Outros;;PATRIA CREDITO IMOBILIARIO INDICE DE PRECOS FII RESP LTDA
PCIP11;28.729.197/0001-13;2026-01-01;1580648458.95;17011707.0;92.9153352423716;113201.0;1596108767.13;Outros;;PATRIA CREDITO IMOBILIARIO INDICE DE PRECOS FII RESP LTDA
PCIP11;28.729.197/0001-13;2026-02-01;1587328776.31;17011707.0;93.3080246626632;112730.0;1602112996.34;Outros;;PATRIA CREDITO IMOBILIARIO INDICE DE PRECOS FII RESP LTDA
PCIP11;28.729.197/0001-13;2026-03-01;1584874648.7;17011707.0;93.1637635600002;113270.0;1600755651.15;Outros;;PATRIA CREDITO IMOBILIARIO INDICE DE PRECOS FII RESP LTDA
PCIP11;28.729.197/0001-13;2026-04-01;1591057317.73;17011707.0;93.5271996943046;113175.0;1607460203.62;Outros;;PATRIA CREDITO IMOBILIARIO INDICE DE PRECOS FII RESP LTDA
PCIP11;28.729.197/0001-13;2026-05-01;1580092878.48;17011707.0;92.8826765285812;113410.0;1596423904.14;Outros;;PATRIA CREDITO IMOBILIARIO INDICE DE PRECOS FII RESP LTDA
PCIP11;28.729.197/0001-13;2026-06-01;1563119360.62;17011707.0;91.8849214026552;113555.0;1582551107.92;Outros;;PATRIA CREDITO IMOBILIARIO INDICE DE PRECOS FII RESP LTDA
PCIP11;28.729.197/0001-13;2026-07-01;1572789435.34;17011707.0;92.4533578752561;113625.0;1591079647.2;Outros;;PATRIA CREDITO IMOBILIARIO INDICE DE PRECOS FII RESP LTDA
PCIP11;28.729.197/0001-13;2026-08-01;1587101203.64;17011707.0;93.2946472473339;112550.0;1601834037.0;Outros;;PATRIA CREDITO IMOBILIARIO INDICE DE PRECOS FII RESP LTDA
PVBI11;35.652.102/0001-76;2025-01-01;2841234783.16;27130067.0;104.72642;160230.0;2858093000.2;Lajes Corporativas;Renda;VBI PRIME FII
PVBI11;35.652.102/0001-76;2025-02-01;2844577921.12;27130067.0;104.849646;159903.0;2861146020.39;Lajes Corporativas;Renda;VBI PRIME FII
PVBI11;35.652.102/0001-76;2025-03-01;2844548333.82;27130067.0;104.848555;159981.0;2861094397.33;Lajes Corporativas;Renda;VBI PRIME FII
PVBI11;35.652.102/0001-76;2025-04-01;2849445455.37;27130067.0;105.029061;160275.0;2865183407.7;Lajes Corporativas;Renda;VBI PRIME FII
PVBI11;35.652.102/0001-76;2025-05-01;2852130715.44;27130067.0;105.128038;162494.0;2867806947.09;Lajes Corporativas;Renda;VBI PRIME FII
PVBI11;35.652.102/0001-76;2025-06-01;2926884337.24;27130067.0;107.883417;161941.0;2942457958.1;Lajes Corporativas;Renda;VBI PRIME FII RL
PVBI11;35.652.102/0001-76;2025-07-01;2925180420.68;27130067.0;107.820612;160159.0;2941026781.18;Lajes Corporativas;Renda;VBI PRIME FII RL
PVBI11;35.652.102/0001-76;2025-08-01;2925418503.54;27130067.0;107.829387;161188.0;2939827668.35;Escritórios;;VBI PRIME FII RL
PVBI11;35.652.102/0001-76;2025-09-01;2924197797.83;27130067.0;107.784393;162356.0;2938591787.66;Escritórios;;VBI PRIME FII RL
PVBI11;35.652.102/0001-76;2025-10-01;2925483771.93;27130067.0;107.831793;163327.0;2939796710.55;Escritórios;;VBI PRIME FII RL
PVBI11;35.652.102/0001-76;2025-11-01;2924188486.47;27130067.0;107.78405;163898.0;2938492313.56;Escritórios;;VBI PRIME FII RL
PVBI11;35.652.102/0001-76;2025-12-01;2923278235.33;27130067.0;107.750498;166221.0;2937590719.21;Escritórios;;VBI PRIME FII RL
PVBI11;35.652.102/0001-76;2026-01-01;2928324176.15;27130067.0;107.936489;171617.0;2942944448.49;Escritórios;;VBI PRIME FII RL
PVBI11;35.652.102/0001-76;2026-02-01;2925920283.88;27130067.0;107.847883;178206.0;2940539979.73;Escritórios;;VBI PRIME FII RL
PVBI11;35.652.102/0001-76;2026-03-01;2925582371.63;27130067.0;107.835427;181625.0;2938831400.93;Escritórios;;VBI PRIME FII RL
PVBI11;35.652.102/0001-76;2026-04-01;2924564951.11;27130067.0;107.797926;183130.0;2938255110.83;Escritórios;;VBI PRIME FII RL
PVBI11;35.652.102/0001-76;2026-05-01;2923115599.01;27130067.0;107.744504;183801.0;2936952351.29;Escritórios;;VBI PRIME FII RL
PVBI11;35.652.102/0001-76;2026-06-01;2835904396.28;27130067.0;104.529944;182914.0;2849598045.8;Escritórios;;VBI PRIME FII RL
PVBI11;35.652.102/0001-76;2026-07-01;2835393868.28;27130067.0;104.511127;181927.0;2849548942.0;Escritórios;;VBI PRIME FII RL
PVBI11;35.652.102/0001-76;2026-08-01;2842168108.17;27130067.0;104.760822;179517.0;2855454936.91;Escritórios;;VBI PRIME FII RL
RBRR11;29.467.977/0001-03;2025-01-01;1366163505.76;15057201.0;90.731571;124111.0;1369305616.07;Títulos e Val. Mob.;Títulos e Valores Mobiliários;RBR HIGH GRADE FII
RBRR11;29.467.977/0001-03;2025-02-01;1370338737.7;15057201.0;91.008863;122517.0;1371398817.26;Títulos e Val. Mob.;Títulos e Valores Mobiliários;RBR HIGH GRADE FII
RBRR11;29.467.977/0001-03;2025-03-01;1361748295.7;15057201.0;90.438342;122583.0;1444018801.56;Títulos e Val. Mob.;Títulos e Valores Mobiliários;RBR HIGH GRADE FII
RBRR11;29.467.977/0001-03;2025-04-01;1388214051.19;15057201.0;92.196023;123527.0;1500662075.31;Títulos e Val. Mob.;Títulos e Valores Mobiliários;RBR HIGH GRADE FII
RBRR11;29.467.977/0001-03;2025-05-01;1390536615.48;15057201.0;92.350273;125322.0;1504228407.3;Títulos e Val. Mob.;Títulos e Valores Mobiliários;RBR HIGH GRADE FII
RBRR11;29.467.977/0001-03;2025-06-01;1397668320.97;15057201.0;92.823913;125510.0;1544667057.67;Títulos e Val. Mob.;Títulos e Valores Mobiliários;RBR HIGH GRADE FII
RBRR11;29.467.977/0001-03;2025-07-01;1377268379.72;15057201.0;91.469084;126284.0;1526083739.88;Títulos e Val. Mob.;Títulos e Valores Mobiliários;RBR HIGH GRADE FII
RBRR11;29.467.977/0001-03;2025-08-01;1389400148.16;15057201.0;92.274796;128719.0;1521201667.98;Multicategoria;;RBR HIGH GRADE FII
RBRR11;29.467.977/0001-03;2025-09-01;1385291133.91;15057201.0;92.001902;129939.0;1545485013.13;Outros;;RBR HIGH GRADE FII
RBRR11;29.467.977/0001-03;2025-10-01;1395212677.81;15057201.0;92.660826;131076.0;1553501619.59;Outros;;RBR HIGH GRADE FII
RBRR11;29.467.977/0001-03;2025-11-01;1524801032.52;16300275.0;93.544497;131373.0;1684967291.69;Multicategoria;;RBR HIGH GRADE FII
RBRR11;29.467.977/0001-03;2025-12-01;1525819120.64;16300275.0;93.606956;133177.0;1685816618.16;Multicategoria;;RBR HIGH GRADE FII
RBRR11;29.467.977/0001-03;2026-01-01;1512540596.2;16300275.0;92.792336;136021.0;1673037492.09;Multicategoria;;RBR HIGH GRADE FII
RBRR11;29.467.977/0001-03;2026-02-01;1521249152.33;16300275.0;93.326594;137767.0;1683412913.36;Multicategoria;;RBR HIGH GRADE FII
RBRR11;29.467.977/0001-03;2026-03-01;1511817994.91;16300275.0;92.748005;137782.0;1630123742.28;Multicategoria;;RBR HIGH GRADE FII
RBRR11;29.467.977/0001-03;2026-04-01;1526147238.23;16300275.0;93.627085;140343.0;1580799567.83;Multicategoria;;RBR HIGH GRADE FII
RBRR11;29.467.977/0001-03;2026-05-01;1520653656.87;16300275.0;93.290061;143366.0;1521951169.77;Multicategoria;;RBR HIGH GRADE FII
RBRR11;29.467.977/0001-03;2026-06-01;1500593748.93;16300275.0;92.059413;143642.0;1501827188.1;Multicategoria;;PATRIA HIGH G FII
RBRR11;29.467.977/0001-03;2026-07-01;1498092893.79;16300275.0;91.905989;143338.0;1499412636.63;Multicategoria;;PATRIA HIGH G FII
RBRR11;29.467.977/0001-03;2026-08-01;1505238923.48;16300275.0;92.344388;143056.0;1506543800.6;Multicategoria;;PATRIA HIGH G FII
RBRY11;30.166.700/0001-11;2025-01-01;1223028087.46;12769512.0;95.777199;58916.0;1226265625.95;Títulos e Val. Mob.;Títulos e Valores Mobiliários;RBR CREDITO IMOB FII
RBRY11;30.166.700/0001-11;2025-02-01;1222200924.54;12769512.0;95.712422;59539.0;1224523222.72;Títulos e Val. Mob.;Títulos e Valores Mobiliários;RBR CREDITO IMOB FII
RBRY11;30.166.700/0001-11;2025-03-01;1231799238.82;12769512.0;96.464081;60170.0;1233929833.08;Títulos e Val. Mob.;Títulos e Valores Mobiliários;RBR CREDITO IMOB FII
RBRY11;30.166.700/0001-11;2025-04-01;1228847231.29;12769512.0;96.232905;60239.0;1230725382.15;Títulos e Val. Mob.;Títulos e Valores Mobiliários;RBR CREDITO IMOB FII
RBRY11;30.166.700/0001-11;2025-05-01;1230435435.88;12769512.0;96.357279;59263.0;1232394159.66;Títulos e Val. Mob.;Títulos e Valores Mobiliários;RBR CREDITO IMOB FII
RBRY11;30.166.700/0001-11;2025-06-01;1238393970.38;12769512.0;96.980524;59466.0;1265110415.45;Títulos e Val. Mob.;Títulos e Valores Mobiliários;RBR CREDITO IMOB FII
RBRY11;30.166.700/0001-11;2025-07-01;1248153848.44;12769512.0;97.744835;60359.0;1267976159.32;Títulos e Val. Mob.;Títulos e Valores Mobiliários;RBR CREDITO IMOB FII
RBRY11;30.166.700/0001-11;2025-08-01;1254687847.78;12769512.0;98.256523;61010.0;1256558987.71;Multicategoria;;RBR CREDITO IMOB FII
RBRY11;30.166.700/0001-11;2025-09-01;1270278249.79;12769512.0;99.477431;64050.0;1271593280.95;Outros;;RBR CREDITO IMOB FII
RBRY11;30.166.700/0001-11;2025-10-01;1247855629.91;12769512.0;97.721481;65865.0;1249195393.88;Outros;;RBR CREDITO IMOB FII
RBRY11;30.166.700/0001-11;2025-11-01;1271058737.52;12769512.0;99.538552;67221.0;1278857137.81;Multicategoria;;RBR CREDITO IMOB FII
RBRY11;30.166.700/0001-11;2025-12-01;1280696227.31;12769512.0;100.293279;69846.0;1401125464.02;Multicategoria;;RBR CREDITO IMOB FII
RBRY11;30.166.700/0001-11;2026-01-01;1275757075.36;12769512.0;99.906486;72016.0;1397454802.26;Multicategoria;;RBR CREDITO IMOB FII
RBRY11;30.166.700/0001-11;2026-02-01;1279195470.51;12769512.0;100.175752;73931.0;1395473312.73;Multicategoria;;RBR CREDITO IMOB FII
RBRY11;30.166.700/0001-11;2026-03-01;1274439804.35;12769512.0;99.803329;75197.0;1329387307.03;Multicategoria;;RBR CREDITO IMOB FII
RBRY11;30.166.700/0001-11;2026-04-01;1285464017.25;12769512.0;100.666652;76388.0;1325433438.43;Multicategoria;;RBR CREDITO IMOB FII
RBRY11;30.166.700/0001-11;2026-05-01;1289154179.6;12769512.0;100.955634;75892.0;1316633295.36;Multicategoria;;RBR CREDITO IMOB FII
RBRY11;30.166.700/0001-11;2026-06-01;1286293871.08;12769512.0;100.731639;77131.0;1288036191.43;Multicategoria;;PATRIA CREDITO FII
RBRY11;30.166.700/0001-11;2026-07-01;1289546006.57;12769512.0;100.986319;77662.0;1291119127.53;Multicategoria;;PATRIA CREDITO FII
RBRY11;30.166.700/0001-11;2026-08-01;1282408329.21;12769512.0;100.427356;77075.0;1283950847.19;Multicategoria;;PATRIA CREDITO FII
RECR11;28.152.272/0001-26;2025-01-01;2387617755.3;26441650.0;90.2976083300399;167628.0;2417375215.87;Títulos e Val. Mob.;Títulos e Valores Mobiliários;FII REC RECEBIVEIS IMOBILIARIOS
RECR11;28.152.272/0001-26;2025-02-01;2374761439.45;26441650.0;89.8113937462299;166963.0;2461692882.19;Títulos e Val. Mob.;Títulos e Valores Mobiliários;FII REC RECEBIVEIS IMOBILIARIOS
RECR11;28.152.272/0001-26;2025-03-01;2349303928.77;26441650.0;88.8486130317132;166836.0;2468548477.41;Títulos e Val. Mob.;Títulos e Valores Mobiliários;FII REC RECEBIVEIS IMOBILIARIOS
RECR11;28.152.272/0001-26;2025-04-01;2372645080.62;26441650.0;89.7313549124204;168274.0;2498321824.54;Títulos e Val. Mob.;Títulos e Valores Mobiliários;FII REC RECEBIVEIS IMOBILIARIOS
RECR11;28.152.272/0001-26;2025-05-01;2359665396.17;26441650.0;89.2404746364164;169463.0;2447858089.2;Títulos e Val. Mob.;Títulos e Valores Mobiliários;FII REC RECEBIVEIS IMOBILIARIOS
RECR11;28.152.272/0001-26;2025-06-01;2352735224.48;26441650.0;88.9783816244448;170974.0;2428276278.19;Títulos e Val. Mob.;Títulos e Valores Mobiliários;FII REC RECEBIVEIS IMOBILIARIOS
RECR11;28.152.272/0001-26;2025-07-01;2332147891.22;26441650.0;88.1997867462885;171681.0;2405362909.09;Títulos e Val. Mob.;Títulos e Valores Mobiliários;FII REC RECEBIVEIS IMOBILIARIOS
RECR11;28.152.272/0001-26;2025-08-01;2349157296.59;26441650.0;88.8430675313379;173162.0;2400102569.83;Multicategoria;;FII REC RECEBIVEIS IMOBILIARIOS
RECR11;28.152.272/0001-26;2025-09-01;2344058567.6;26441650.0;88.6502380751579;173348.0;2394331505.51;Multicategoria;;FII REC RECEBIVEIS IMOBILIARIOS
RECR11;28.152.272/0001-26;2025-10-01;2352297956.32;26441650.0;88.9618445263439;172184.0;2424795305.42;Multicategoria;;FII REC RECEBIVEIS IMOBILIARIOS
RECR11;28.152.272/0001-26;2025-11-01;2367515888.13;26441650.0;89.5373733534027;172205.0;2442864976.94;Multicategoria;;FII REC RECEBIVEIS IMOBILIARIOS
RECR11;28.152.272/0001-26;2025-12-01;2352201318.63;26441650.0;88.9581897737093;171742.0;2447460647.81;Multicategoria;;FII REC RECEBIVEIS IMOBILIARIOS
RECR11;28.152.272/0001-26;2026-01-01;2346650708.8;26441650.0;88.7482705806937;173679.0;2442987368.79;Multicategoria;;FII REC RECEBIVEIS IMOBILIARIOS
RECR11;28.152.272/0001-26;2026-02-01;2366221951.28;26441650.0;89.4884377971874;173319.0;2460231235.77;Multicategoria;;FII REC RECEBIVEIS IMOBILIARIOS
RECR11;28.152.272/0001-26;2026-03-01;2351537277.46;26441650.0;88.9330763193674;174317.0;2454991687.49;Multicategoria;;FII REC RECEBIVEIS IMOBILIARIOS
RECR11;28.152.272/0001-26;2026-04-01;2350762745.76;26441650.0;88.9037842101382;173738.0;2485684050.68;Multicategoria;;FII REC RECEBIVEIS IMOBILIARIOS
RECR11;28.152.272/0001-26;2026-05-01;2338046932.29;26441650.0;88.4228833030465;173918.0;2475775207.17;Multicategoria;;FII REC RECEBIVEIS IMOBILIARIOS
RECR11;28.152.272/0001-26;2026-06-01;2286781617.89;26441650.0;86.4840740986285;174597.0;2432853516.1;Multicategoria;;FII REC RECEBIVEIS IMOBILIARIOS
RECR11;28.152.272/0001-26;2026-07-01;2299737481.47;26441650.0;86.9740534902323;174052.0;2447728343.78;Multicategoria;;FII REC RECEBIVEIS IMOBILIARIOS
RECR11;28.152.272/0001-26;2026-08-01;2318894217.75;26441650.0;87.6985444459782;173041.0;2458475823.79;Multicategoria;;FII REC RECEBIVEIS IMOBILIARIOS
TGAR11;25.032.881/0001-53;2025-01-01;2696697558.94;23567968.3637;114.42214778;163931.0;2727983147.44;Híbrido;Híbrido;FII TG ATIVO REAL
TGAR11;25.032.881/0001-53;2025-02-01;2684338836.13;23567968.3637;113.89776135;162715.0;2715192166.2;Híbrido;Híbrido;FII TG ATIVO REAL
TGAR11;25.032.881/0001-53;2025-03-01;2667676366.58;23567968.3637;113.19076492;162156.0;2698783339.16;Híbrido;Híbrido;FII TG ATIVO REAL
TGAR11;25.032.881/0001-53;2025-04-01;2659051483.4;23567968.3637;112.82480706;157894.0;2690544130.75;Híbrido;Híbrido;FII TG ATIVO REAL
TGAR11;25.032.881/0001-53;2025-05-01;2642083829.73;23567968.3637;112.10486152;156395.0;2675177109.06;Híbrido;Híbrido;FII TG ATIVO REAL
TGAR11;25.032.881/0001-53;2025-06-01;2619551443.98;23567968.3637;111.14880178;155768.0;2652582115.92;Híbrido;Híbrido;FII TG ATIVO REAL
TGAR11;25.032.881/0001-53;2025-07-01;2598153093.71;23567968.3637;110.2408597;155955.0;2642813607.98;Híbrido;Híbrido;FII TG ATIVO REAL
TGAR11;25.032.881/0001-53;2025-08-01;2584732129.65;23567968.3637;109.67140187;153876.0;2629657515.97;Multicategoria;;FII TG ATIVO REAL
TGAR11;25.032.881/0001-53;2025-09-01;2565249593.0;23567968.3637;108.84474866;152622.0;2626210718.89;Multicategoria;;FII TG ATIVO REAL
TGAR11;25.032.881/0001-53;2025-10-01;2553640494.58;23567968.3637;108.35216915;151603.0;2614525308.71;Multicategoria;;FII TG ATIVO REAL
TGAR11;25.032.881/0001-53;2025-11-01;2533636267.24;23567968.3637;107.50338036;150846.0;2598411511.22;Multicategoria;;FII TG ATIVO REAL
TGAR11;25.032.881/0001-53;2025-12-01;2674085772.83;23567968.3637;113.46271904;151072.0;2739280266.31;Multicategoria;;FII TG ATIVO REAL
TGAR11;25.032.881/0001-53;2026-01-01;2664453393.19;23567968.3637;113.05401264;148957.0;2723429713.41;Multicategoria;;FII TG ATIVO REAL
TGAR11;25.032.881/0001-53;2026-02-01;2596203865.78;23567968.3637;110.15815304;147891.0;2656149679.57;Multicategoria;;FII TG ATIVO REAL
TGAR11;25.032.881/0001-53;2026-03-01;2605248432.44;23567968.3637;110.54191826;144117.0;2665442624.69;Multicategoria;;FII TG ATIVO REAL
TGAR11;25.032.881/0001-53;2026-04-01;2585569548.55;23567968.3637;109.70693395;141772.0;2645590728.16;Multicategoria;;FII TG ATIVO REAL
TGAR11;25.032.881/0001-53;2026-05-01;2564030458.11;23567968.3637;108.79302019;137575.0;2618332939.54;Multicategoria;;FII TG ATIVO REAL
TGAR11;25.032.881/0001-53;2026-06-01;2546117967.96;23567968.3637;108.0329848;132351.0;2601923016.42;Multicategoria;;FII TG ATIVO REAL
TGAR11;25.032.881/0001-53;2026-07-01;2527328643.75;23567968.3637;107.23574492;129261.0;2582845775.87;Multicategoria;;FII TG ATIVO REAL
TGAR11;25.032.881/0001-53;2026-08-01;2513202336.34;23567968.3637;106.63635904;127101.0;2568896854.81;Multicategoria;;FII TG ATIVO REAL
TRXF11;28.548.288/0001-52;2025-01-01;2037532013.56;20035563.0;101.695770343963;184950.0;3519922650.61;Híbrido;Renda;TRX REAL ESTATE FUNDO DE INVESTIMENTO IMOBILIÁRIO - FII
TRXF11;28.548.288/0001-52;2025-02-01;2050384693.68;20035563.0;102.33726367859;182867.0;3469516258.4;Híbrido;Renda;TRX REAL ESTATE FUNDO DE INVESTIMENTO IMOBILIÁRIO - FII
TRXF11;28.548.288/0001-52;2025-03-01;2028989060.86;20035563.0;101.269380893364;184018.0;3529095900.89;Híbrido;Renda;TRX REAL ESTATE FUNDO DE INVESTIMENTO IMOBILIÁRIO - FII
TRXF11;28.548.288/0001-52;2025-04-01;2037973385.1;20035563.0;101.717799749376;185233.0;3489803847.64;Híbrido;Renda;TRX REAL ESTATE FUNDO DE INVESTIMENTO IMOBILIÁRIO - FII
TRXF11;28.548.288/0001-52;2025-05-01;2055858877.4;20035563.0;102.610487032483;183602.0;3465643620.2;Híbrido;Renda;TRX REAL ESTATE FUNDO DE INVESTIMENTO IMOBILIÁRIO - FII
TRXF11;28.548.288/0001-52;2025-06-01;2081229858.98;20035563.0;103.87678444474;184946.0;4639984804.95;Híbrido;Renda;TRX REAL ESTATE FUNDO DE INVESTIMENTO IMOBILIÁRIO - FII
TRXF11;28.548.288/0001-52;2025-07-01;3287113260.5;32493284.0;101.162851391075;191196.0;4609331203.54;Híbrido;Renda;TRX REAL ESTATE FUNDO DE INVESTIMENTO IMOBILIÁRIO - FII
TRXF11;28.548.288/0001-52;2025-08-01;3286127053.93;32493284.0;101.132500301601;194366.0;4633515846.74;Multicategoria;;TRX REAL ESTATE FUNDO DE INVESTIMENTO IMOBILIÁRIO - FII
TRXF11;28.548.288/0001-52;2025-09-01;3299823689.43;32493284.0;101.554022345972;202626.0;4831873488.04;Multicategoria;;TRX REAL ESTATE FUNDO DE INVESTIMENTO IMOBILIÁRIO - FII
TRXF11;28.548.288/0001-52;2025-10-01;3272941892.55;32493284.0;100.726719175261;204479.0;5170923337.66;Multicategoria;;TRX REAL ESTATE FUNDO DE INVESTIMENTO IMOBILIÁRIO - FII
TRXF11;28.548.288/0001-52;2025-11-01;3303709457.83;32493284.0;101.673609162743;208650.0;5815357885.6;Multicategoria;;TRX REAL ESTATE FUNDO DE INVESTIMENTO IMOBILIÁRIO - FII
TRXF11;28.548.288/0001-52;2025-12-01;3347054221.02;32493284.0;103.007569841817;217198.0;9020833147.42;Multicategoria;;TRX REAL ESTATE FUNDO DE INVESTIMENTO IMOBILIÁRIO - FII
TRXF11;28.548.288/0001-52;2026-01-01;6315290426.07;62430702.0;101.156806246869;217198.0;9090256753.51;Multicategoria;;TRX REAL ESTATE FUNDO DE INVESTIMENTO IMOBILIÁRIO - FII
TRXF11;28.548.288/0001-52;2026-02-01;6302664871.6;62430702.0;100.954573145758;250303.0;9295162007.65;Multicategoria;;TRX REAL ESTATE FUNDO DE INVESTIMENTO IMOBILIÁRIO - FII
TRXF11;28.548.288/0001-52;2026-03-01;6241874154.24;62430702.0;99.9808420260916;269169.0;9506711475.4;Multicategoria;;TRX REAL ESTATE FUNDO DE INVESTIMENTO IMOBILIÁRIO - FII
TRXF11;28.548.288/0001-52;2026-04-01;6167547351.39;62430702.0;98.790293137982;302954.0;9544742335.79;Multicategoria;;TRX REAL ESTATE FUNDO DE INVESTIMENTO IMOBILIÁRIO - FII
TRXF11;28.548.288/0001-52;2026-05-01;6138975528.57;62430702.0;98.3326365378688;313615.0;9879810358.85;Multicategoria;;TRX REAL ESTATE FUNDO DE INVESTIMENTO IMOBILIÁRIO - FII
TRXF11;28.548.288/0001-52;2026-06-01;5977791877.24;62430702.0;95.7508354982137;331106.0;9935531413.34;Multicategoria;;TRX REAL ESTATE FUNDO DE INVESTIMENTO IMOBILIÁRIO - FII
TRXF11;28.548.288/0001-52;2026-07-01;6059889222.16;62430701.0;97.0658526188902;343736.0;10014507003.34;Multicategoria;;TRX REAL ESTATE FUNDO DE INVESTIMENTO IMOBILIÁRIO - FII
TRXF11;28.548.288/0001-52;2026-08-01;6031755593.95;62430701.0;96.6152149076462;351702.0;10328535048.8;Multicategoria;;TRX REAL ESTATE FUNDO DE INVESTIMENTO IMOBILIÁRIO - FII
VISC11;17.554.274/0001-25;2025-01-01;3613007694.61;28828640.0;125.3270252988;347417.0;4223041348.51;Shoppings;Renda;VINCI SHOPPING CENTERS FUNDO DE INVESTIMENTO IMOBILIÁRIO-FII
VISC11;17.554.274/0001-25;2025-02-01;3606260210.15;28828640.0;125.092970398534;345645.0;4185853536.04;Shoppings;Renda;VINCI SHOPPING CENTERS FUNDO DE INVESTIMENTO IMOBILIÁRIO-FII
VISC11;17.554.274/0001-25;2025-03-01;3593464259.57;28828640.0;124.649107955491;345960.0;4172438641.89;Shoppings;Renda;VINCI SHOPPING CENTERS FUNDO DE INVESTIMENTO IMOBILIÁRIO-FII
VISC11;17.554.274/0001-25;2025-04-01;3584629185.71;28828640.0;124.342639323603;344779.0;4164921690.03;Shoppings;Renda;VINCI SHOPPING CENTERS FUNDO DE INVESTIMENTO IMOBILIÁRIO-FII
VISC11;17.554.274/0001-25;2025-05-01;3578940234.67;28828640.0;124.145302541847;345178.0;4158804262.93;Shoppings;Renda;VINCI SHOPPING CENTERS FUNDO DE INVESTIMENTO IMOBILIÁRIO-FII
VISC11;17.554.274/0001-25;2025-06-01;3573402334.57;28828640.0;123.953205373892;344153.0;4151358881.89;Shoppings;Renda;VINCI SHOPPING CENTERS FUNDO DE INVESTIMENTO IMOBILIÁRIO-FII
VISC11;17.554.274/0001-25;2025-07-01;3570564882.06;28828640.0;123.854780595269;343935.0;4147088614.25;Shoppings;Renda;VINCI SHOPPING CENTERS FUNDO DE INVESTIMENTO IMOBILIÁRIO-FII
VISC11;17.554.274/0001-25;2025-08-01;3557630811.54;28828640.0;123.406127085426;341744.0;4246590758.44;Shoppings;;VINCI SHOPPING CENTERS FUNDO DE INVESTIMENTO IMOBILIÁRIO-FII
VISC11;17.554.274/0001-25;2025-09-01;3552479893.32;28828640.0;123.227453439358;340069.0;4238715782.17;Shoppings;;VINCI SHOPPING CENTERS FUNDO DE INVESTIMENTO IMOBILIÁRIO-FII
VISC11;17.554.274/0001-25;2025-10-01;3550362017.69;28828640.0;123.153989147251;337631.0;4234173012.7;Shoppings;;VINCI SHOPPING CENTERS FUNDO DE INVESTIMENTO IMOBILIÁRIO-FII
VISC11;17.554.274/0001-25;2025-11-01;3555140708.99;28828640.0;123.31975108746;336346.0;4235972380.06;Shoppings;;VINCI SHOPPING CENTERS FUNDO DE INVESTIMENTO IMOBILIÁRIO-FII
VISC11;17.554.274/0001-25;2025-12-01;3359483224.7;28828640.0;116.532837646868;336893.0;4037919495.89;Shoppings;;VINCI SHOPPING CENTERS FUNDO DE INVESTIMENTO IMOBILIÁRIO-FII
VISC11;17.554.274/0001-25;2026-01-01;3361322071.52;28828640.0;116.596623063731;339161.0;4136169824.53;Shoppings;;VINCI SHOPPING CENTERS FUNDO DE INVESTIMENTO IMOBILIÁRIO-FII
VISC11;17.554.274/0001-25;2026-02-01;3361756475.11;28828640.0000073;116.611691536928;341753.0;4133829570.25;Shoppings;;VINCI SHOPPING CENTERS FUNDO DE INVESTIMENTO IMOBILIÁRIO-FII
VISC11;17.554.274/0001-25;2026-03-01;3362434167.27;28828640.0000073;116.635199137703;343939.0;4421963885.73;Shoppings;;VINCI SHOPPING CENTERS FUNDO DE INVESTIMENTO IMOBILIÁRIO-FII
VISC11;17.554.274/0001-25;2026-04-01;3348643396.38;28828640.0000073;116.156828639129;347631.0;4420095260.25;Shoppings;;VINCI SHOPPING CENTERS FUNDO DE INVESTIMENTO IMOBILIÁRIO-FII
VISC11;17.554.274/0001-25;2026-05-01;3339028785.11;28828640.0000073;115.823319626217;350230.0;4413468464.46;Shoppings;;VINCI SHOPPING CENTERS FUNDO DE INVESTIMENTO IMOBILIÁRIO-FII
VISC11;17.554.274/0001-25;2026-06-01;3332496983.3;28828640.0000073;115.596746266878;347218.0;4408994004.9;Shoppings;;VINCI SHOPPING CENTERS FUNDO DE INVESTIMENTO IMOBILIÁRIO-FII
VISC11;17.554.274/0001-25;2026-07-01;3327943047.27;28828640.0000073;115.438780576162;346986.0;4505085409.15;Shoppings;;VINCI SHOPPING CENTERS FUNDO DE INVESTIMENTO IMOBILIÁRIO-FII
VISC11;17.554.274/0001-25;2026-08-01;3328225550.62;28828640.0000073;115.448579975301;345414.0;4442300724.91;Shoppings;;VINCI SHOPPING CENTERS FUNDO DE INVESTIMENTO IMOBILIÁRIO-FII
VRTA11;11.664.201/0001-00;2025-01-01;1355539294.45;15592424.0;86.935764089663;116224.0;1405031723.31;Títulos e Val. Mob.;Títulos e Valores Mobiliários;FATOR VERITA FII
VRTA11;11.664.201/0001-00;2025-02-01;1353297516.29;15592424.0;86.7919905391234;115716.0;1417307631.49;Títulos e Val. Mob.;Títulos e Valores Mobiliários;FATOR VERITA FII
VRTA11;11.664.201/0001-00;2025-03-01;1361249999.99;15592424.0;87.3020128230223;114786.0;1425976898.44;Títulos e Val. Mob.;Títulos e Valores Mobiliários;FATOR VERITA FII
VRTA11;11.664.201/0001-00;2025-04-01;1383079111.22;15592424.0;88.7019947135865;114358.0;1461503054.64;Títulos e Val. Mob.;Títulos e Valores Mobiliários;FATOR VERITA FII
VRTA11;11.664.201/0001-00;2025-05-01;1324871435.73;15592424.0;84.9689205302524;113917.0;1398854287.72;Títulos e Val. Mob.;Títulos e Valores Mobiliários;FATOR VERITA FII
VRTA11;11.664.201/0001-00;2025-06-01;1318304009.55;15592424.0;84.5477271237622;113020.0;1470795130.39;Títulos e Val. Mob.;Títulos e Valores Mobiliários;FATOR VERITA FII
VRTA11;11.664.201/0001-00;2025-07-01;1300522603.53;15592424.0;83.4073395855577;111781.0;1482037051.12;Títulos e Val. Mob.;Títulos e Valores Mobiliários;FATOR VERITA FII
VRTA11;11.664.201/0001-00;2025-08-01;1305681769.85;15592424.0;83.7382160624929;110599.0;1387464735.05;Outros;;FATOR VERITA FII
VRTA11;11.664.201/0001-00;2025-09-01;1309134575.31;15592424.0;83.9596572867695;109760.0;1378810149.31;Outros;;FATOR VERITA FII
VRTA11;11.664.201/0001-00;2025-10-01;1305988281.04;15592424.0;83.7578737622835;108636.0;1376458951.51;Outros;;FATOR VERITA FII
VRTA11;11.664.201/0001-00;2025-11-01;1313509713.22;15592424.0;84.2402511129764;107725.0;1384360889.0;Outros;;FATOR VERITA FII
VRTA11;11.664.201/0001-00;2025-12-01;1314889906.26;15592424.0;84.3287680132351;107241.0;1373980290.34;Outros;;FATOR VERITA FII
VRTA11;11.664.201/0001-00;2026-01-01;1321245056.17;15592424.0;84.7363473549719;106622.0;1356651536.13;Outros;;FATOR VERITA FII
VRTA11;11.664.201/0001-00;2026-02-01;1325495021.44;15592424.0;85.0089133953771;105897.0;1360954924.15;Outros;;FATOR VERITA FII
VRTA11;11.664.201/0001-00;2026-03-01;1316635896.64;15592424.0;84.4407448540394;105131.0;1381555959.61;Outros;;FATOR VERITA FII
VRTA11;11.664.201/0001-00;2026-04-01;1314465129.26;15592424.0;84.3015254882756;104232.0;1418832446.2;Outros;;FATOR VERITA FII
VRTA11;11.664.201/0001-00;2026-05-01;1306696394.39;15592424.0;83.8032876985644;103290.0;1406387093.67;Outros;;FATOR VERITA FII
VRTA11;11.664.201/0001-00;2026-06-01;1292451573.35;15592424.0;82.8897144760815;105566.0;1306804480.18;Outros;;FATOR VERITA FII
VRTA11;11.664.201/0001-00;2026-07-01;1296540830.94;15592424.0;83.1519737367327;101282.0;1333775502.34;Outros;;FATOR VERITA FII
VRTA11;11.664.201/0001-00;2026-08-01;1303872308.41;15592424.0;83.6221685871292;100313.0;1341266887.77;Outros;;FATOR VERITA FII
XPLG11;26.502.794/0001-85;2025-01-01;3340494543.77;31175931.0002;107.1497927;340602.0;3776644265.56;Logística;Híbrido;FII XP LOG
XPLG11;26.502.794/0001-85;2025-02-01;3333322525.6;31175931.0002;106.91974285;342051.0;3772749631.08;Logística;Híbrido;FII XP LOG
XPLG11;26.502.794/0001-85;2025-03-01;3328715642.17;31175931.0002;106.77197233;341920.0;3757071090.84;Logística;Híbrido;FII XP LOG
XPLG11;26.502.794/0001-85;2025-04-01;3327881082.69;31175931.0002;106.74520298;340602.0;3752141361.23;Logística;Híbrido;FII XP LOG
XPLG11;26.502.794/0001-85;2025-05-01;3351014684.39;31175931.0002;107.48723701;340272.0;3750398126.25;Logística;Híbrido;FII XP LOG
XPLG11;26.502.794/0001-85;2025-06-01;3332662817.78;31175931.0002;106.89858204;338831.0;3605278733.31;Logística;Híbrido;FII XP LOG
XPLG11;26.502.794/0001-85;2025-07-01;3330603656.16;31175931.0002;106.83253232;338130.0;3597010309.6;Logística;Híbrido;FII XP LOG
XPLG11;26.502.794/0001-85;2025-08-01;3312921458.59;31175931.0002;106.26535768;336830.0;3669523870.92;Logística;;FII XP LOG
XPLG11;26.502.794/0001-85;2025-09-01;3306774149.11;31175931.0002;106.06817641;336298.0;3662415458.47;Logística;;FII XP LOG
XPLG11;26.502.794/0001-85;2025-10-01;3303771726.66;31175931.0002;105.97187063;336118.0;3659178766.79;Logística;;FII XP LOG
XPLG11;26.502.794/0001-85;2025-11-01;3301899335.48;31175931.0002;105.91181176;334823.0;3635273046.02;Logística;;FII XP LOG
XPLG11;26.502.794/0001-85;2025-12-01;4221707849.3;40015690.0002;105.50131334;334798.0;4925091295.66;Logística;;FII XP LOG
XPLG11;26.502.794/0001-85;2026-01-01;4230330397.37;40015690.0002068;105.716792521837;335719.0;4900384796.93;Logística;;XP LOG FII RL
XPLG11;26.502.794/0001-85;2026-02-01;4242743401.2;40015690.0002068;106.026995940294;337579.0;5277996678.59;Logística;;XP LOG FII RL
XPLG11;26.502.794/0001-85;2026-03-01;4453904859.53;41954498.0002068;106.160365916142;340049.0;5284637698.7;Logística;;XP LOG FII RL
XPLG11;26.502.794/0001-85;2026-04-01;5424505175.38;51390097.8938388;105.555455188778;342586.0;6280595003.24;Logística;;XP LOG FII RL
XPLG11;26.502.794/0001-85;2026-05-01;5408721355.72;51390097.8938388;105.248317815881;344319.0;6269255523.17;Logística;;XP LOG FII RL
XPLG11;26.502.794/0001-85;2026-06-01;5397457621.0;51390097.8938388;105.029136783316;347304.0;6258383916.6;Logística;;XP LOG FII RL
XPLG11;26.502.794/0001-85;2026-07-01;5390513988.23;51390097.8938388;104.894020621748;370912.0;6213704141.4;Logística;;XP LOG FII RL
XPLG11;26.502.794/0001-85;2026-08-01;5377779876.31;51390097.8938388;104.646227516814;366494.0;6205669777.48;Logística;;XP LOG FII RL
XPML11;28.757.546/0001-00;2025-01-01;6650542502.48;56720787.0;117.250533;573287.0;7976921916.22;Shoppings;Renda;XP MALLS FII
XPML11;28.757.546/0001-00;2025-02-01;6648002647.46;56720787.0;117.205755;582781.0;7986909532.91;Shoppings;Renda;XP MALLS FII
XPML11;28.757.546/0001-00;2025-03-01;6655274656.01;56720787.0;117.333962;588620.0;7965481085.76;Shoppings;Renda;XP MALLS FII
XPML11;28.757.546/0001-00;2025-04-01;6658222602.66;56720787.0;117.385935;592434.0;7954821091.11;Shoppings;Renda;XP MALLS FII
XPML11;28.757.546/0001-00;2025-05-01;6658984551.32;56720787.0;117.399368;598439.0;7963746071.31;Shoppings;Renda;XP MALLS FII
XPML11;28.757.546/0001-00;2025-06-01;6159347176.27;56720787.0;108.590651;604158.0;7677721309.78;Shoppings;;XP MALLS FII
XPML11;28.757.546/0001-00;2025-07-01;6162407822.54;56720787.0;108.644611;608916.0;7693608764.15;Shoppings;;XP MALLS FII
XPML11;28.757.546/0001-00;2025-08-01;6167748029.43;56720787.0;108.73876;608916.0;7697504947.39;Shoppings;;XP MALLS FII
XPML11;28.757.546/0001-00;2025-09-01;6167114513.03;56720787.0;108.727591;621798.0;7693492712.14;Shoppings;;XP MALLS FII
XPML11;28.757.546/0001-00;2025-10-01;6368330180.09;58567574.0;108.734744;626958.0;7884699891.37;Shoppings;;XP MALLS FII
XPML11;28.757.546/0001-00;2025-11-01;6333860101.76;58559855.0;108.160447;633076.0;7871509108.35;Shoppings;;XP MALLS FII
XPML11;28.757.546/0001-00;2025-12-01;6333860101.76;58559855.0;108.160447;633076.0;7871509108.35;Shoppings;;XP MALLS FII
XPML11;28.757.546/0001-00;2026-01-01;6493770567.45;58559855.0;110.891165;656376.0;7208355023.72;Shoppings;;XP MALLS FII
XPML11;28.757.546/0001-00;2026-02-01;6468497036.42;58559855.0;110.459581;704717.0;7463772204.31;Shoppings;;XP MALLS FII
XPML11;28.757.546/0001-00;2026-03-01;7090332563.62;64308055.0;110.255746;722253.0;8174962971.75;Shoppings;;XP MALLS FII
XPML11;28.757.546/0001-00;2026-04-01;7081112753.36;64308055.0;110.112376;733101.0;8123564947.85;Shoppings;;XP MALLS FII
XPML11;28.757.546/0001-00;2026-05-01;7034476644.18;64308055.0;109.387178;748369.0;8113515705.36;Shoppings;;XP MALLS FII
XPML11;28.757.546/0001-00;2026-06-01;7081112753.36;64308055.0;110.112376;733101.0;8123564947.85;Shoppings;;XP MALLS FII
XPML11;28.757.546/0001-00;2026-07-01;7081112753.36;64308055.0;110.112376;733101.0;8123564947.85;Shoppings;;XP MALLS FII
XPML11;28.757.546/0001-00;2026-08-01;7081112753.36;64308055.0;110.112376;733101.0;8123564947.85;Shoppings;;XP MALLS FII
